mid,street,city,zip,state,beds,baths,sq__ft,type,sale_date,price,latitude,longitude
1,"3526 HIGH ST",SACRAMENTO,95838,CA,2,1,836,Residential,2008-05-21,59222,38.6319,-121.435
2,"51 OMAHA CT",SACRAMENTO,95823,CA,3,1,1167,Residential,2008-05-21,68212,38.4789,-121.431
3,"2796 BRANCH ST",SACRAMENTO,95815,CA,2,1,796,Residential,2008-05-21,68880,38.6183,-121.444
4,"2805 JANETTE WAY",SACRAMENTO,95815,CA,2,1,852,Residential,2008-05-21,69307,38.6168,-121.439
5,"6001 MCMAHON DR",SACRAMENTO,95824,CA,2,1,797,Residential,2008-05-21,81900,38.5195,-121.436
6,"5828 PEPPERMILL CT",SACRAMENTO,95841,CA,3,1,1122,Condo,2008-05-21,89921,38.6626,-121.328
7,"6048 OGDEN NASH WAY",SACRAMENTO,95842,CA,3,2,1104,Residential,2008-05-21,90895,38.6817,-121.352
8,"2561 19TH AVE",SACRAMENTO,95820,CA,3,1,1177,Residential,2008-05-21,91002,38.5351,-121.481
9,"11150 TRINITY RIVER DR Unit 114","RANCHO CORDOVA",95670,CA,2,2,941,Condo,2008-05-21,94905,38.6212,-121.271
10,"7325 10TH ST","RIO LINDA",95673,CA,3,2,1146,Residential,2008-05-21,98937,38.7009,-121.443
11,"645 MORRISON AVE",SACRAMENTO,95838,CA,3,2,909,Residential,2008-05-21,100309,38.6377,-121.452
12,"4085 FAWN CIR",SACRAMENTO,95823,CA,3,2,1289,Residential,2008-05-21,106250,38.4707,-121.459
13,"2930 LA ROSA RD",SACRAMENTO,95815,CA,1,1,871,Residential,2008-05-21,106852,38.6187,-121.436
14,"2113 KIRK WAY",SACRAMENTO,95822,CA,3,1,1020,Residential,2008-05-21,107502,38.4822,-121.493
15,"4533 LOCH HAVEN WAY",SACRAMENTO,95842,CA,2,2,1022,Residential,2008-05-21,108750,38.6729,-121.359
16,"7340 HAMDEN PL",SACRAMENTO,95842,CA,2,2,1134,Condo,2008-05-21,110700,38.7001,-121.351
17,"6715 6TH ST","RIO LINDA",95673,CA,2,1,844,Residential,2008-05-21,113263,38.6896,-121.452
18,"6236 LONGFORD DR Unit 1","CITRUS HEIGHTS",95621,CA,2,1,795,Condo,2008-05-21,116250,38.6798,-121.314
19,"250 PERALTA AVE",SACRAMENTO,95833,CA,2,1,588,Residential,2008-05-21,120000,38.6121,-121.469
20,"113 LEEWILL AVE","RIO LINDA",95673,CA,3,2,1356,Residential,2008-05-21,121630,38.69,-121.463
21,"6118 STONEHAND AVE","CITRUS HEIGHTS",95621,CA,3,2,1118,Residential,2008-05-21,122000,38.7079,-121.321
22,"4882 BANDALIN WAY",SACRAMENTO,95823,CA,4,2,1329,Residential,2008-05-21,122682,38.4682,-121.444
23,"7511 OAKVALE CT","NORTH HIGHLANDS",95660,CA,4,2,1240,Residential,2008-05-21,123000,38.7028,-121.382
24,"9 PASTURE CT",SACRAMENTO,95834,CA,3,2,1601,Residential,2008-05-21,124100,38.6286,-121.488
25,"3729 BAINBRIDGE DR","NORTH HIGHLANDS",95660,CA,3,2,901,Residential,2008-05-21,125000,38.7015,-121.376
26,"3828 BLACKFOOT WAY",ANTELOPE,95843,CA,3,2,1088,Residential,2008-05-21,126640,38.7097,-121.374
27,"4108 NORTON WAY",SACRAMENTO,95820,CA,3,1,963,Residential,2008-05-21,127281,38.5375,-121.478
28,"1469 JANRICK AVE",SACRAMENTO,95832,CA,3,2,1119,Residential,2008-05-21,129000,38.4765,-121.502
29,"9861 CULP WAY",SACRAMENTO,95827,CA,4,2,1380,Residential,2008-05-21,131200,38.5584,-121.328
30,"7825 CREEK VALLEY CIR",SACRAMENTO,95828,CA,3,2,1248,Residential,2008-05-21,132000,38.4721,-121.404
31,"5201 LAGUNA OAKS DR Unit 140","ELK GROVE",95758,CA,2,2,1039,Condo,2008-05-21,133000,38.4233,-121.444
32,"6768 MEDORA DR","NORTH HIGHLANDS",95660,CA,3,2,1152,Residential,2008-05-21,134555,38.6912,-121.372
33,"3100 EXPLORER DR",SACRAMENTO,95827,CA,3,2,1380,Residential,2008-05-21,136500,38.5667,-121.333
34,"7944 DOMINION WAY",ELVERTA,95626,CA,3,2,1116,Residential,2008-05-21,138750,38.7132,-121.411
35,"5201 LAGUNA OAKS DR Unit 162","ELK GROVE",95758,CA,2,2,1039,Condo,2008-05-21,141000,38.4233,-121.444
36,"3920 SHINING STAR DR",SACRAMENTO,95823,CA,3,2,1418,Residential,2008-05-21,146250,38.4874,-121.462
37,"5031 CORVAIR ST","NORTH HIGHLANDS",95660,CA,3,2,1082,Residential,2008-05-21,147308,38.6582,-121.375
38,"7661 NIXOS WAY",SACRAMENTO,95823,CA,4,2,1472,Residential,2008-05-21,148750,38.4796,-121.463
39,"7044 CARTHY WAY",SACRAMENTO,95828,CA,4,2,1146,Residential,2008-05-21,149593,38.4986,-121.421
40,"2442 LARKSPUR LN",SACRAMENTO,95825,CA,1,1,760,Condo,2008-05-21,150000,38.5851,-121.404
41,"4800 WESTLAKE PKWY Unit 2109",SACRAMENTO,95835,CA,2,2,1304,Condo,2008-05-21,152000,38.6588,-121.542
42,"2178 63RD AVE",SACRAMENTO,95822,CA,3,2,1207,Residential,2008-05-21,154000,38.494,-121.49
43,"8718 ELK WAY","ELK GROVE",95624,CA,3,2,1056,Residential,2008-05-21,156896,38.4165,-121.38
44,"5708 RIDGEPOINT DR",ANTELOPE,95843,CA,2,2,1043,Residential,2008-05-21,161250,38.7203,-121.332
45,"7315 KOALA CT","NORTH HIGHLANDS",95660,CA,4,2,1587,Residential,2008-05-21,161500,38.6992,-121.371
46,"2622 ERIN DR",SACRAMENTO,95833,CA,4,1,1120,Residential,2008-05-21,164000,38.6138,-121.489
47,"8421 SUNBLAZE WAY",SACRAMENTO,95823,CA,4,2,1580,Residential,2008-05-21,165000,38.4505,-121.433
48,"7420 ALIX PKWY",SACRAMENTO,95823,CA,4,1,1955,Residential,2008-05-21,166357,38.4894,-121.453
49,"3820 NATOMA WAY",SACRAMENTO,95838,CA,4,2,1656,Residential,2008-05-21,166357,38.6367,-121.422
50,"4431 GREEN TREE DR",SACRAMENTO,95823,CA,3,2,1477,Residential,2008-05-21,168000,38.5,-121.454
51,"9417 SARA ST","ELK GROVE",95624,CA,3,2,1188,Residential,2008-05-21,170000,38.4155,-121.371
52,"8299 HALBRITE WAY",SACRAMENTO,95828,CA,4,2,1590,Residential,2008-05-21,173000,38.4738,-121.4
53,"7223 KALLIE KAY LN",SACRAMENTO,95823,CA,3,2,1463,Residential,2008-05-21,174250,38.4776,-121.419
54,"8156 STEINBECK WAY",SACRAMENTO,95828,CA,4,2,1714,Residential,2008-05-21,174313,38.4749,-121.406
55,"7957 VALLEY GREEN DR",SACRAMENTO,95823,CA,3,2,1185,Residential,2008-05-21,178480,38.4652,-121.435
56,"1122 WILD POPPY CT",GALT,95632,CA,3,2,1406,Residential,2008-05-21,178760,38.2878,-121.295
57,"4520 BOMARK WAY",SACRAMENTO,95842,CA,4,2,1943,Multi-Family,2008-05-21,179580,38.6657,-121.359
58,"9012 KIEFER BLVD",SACRAMENTO,95826,CA,3,2,1172,Residential,2008-05-21,181000,38.547,-121.366
59,"5332 SANDSTONE ST",CARMICHAEL,95608,CA,3,1,1152,Residential,2008-05-21,181872,38.6621,-121.314
60,"5993 SAWYER CIR",SACRAMENTO,95823,CA,4,3,1851,Residential,2008-05-21,182587,38.4473,-121.435
61,"4844 CLYDEBANK WAY",ANTELOPE,95843,CA,3,2,1215,Residential,2008-05-21,182716,38.7146,-121.348
62,"306 CAMELLIA WAY",GALT,95632,CA,3,2,1130,Residential,2008-05-21,182750,38.2604,-121.298
63,"9021 MADISON AVE",ORANGEVALE,95662,CA,4,2,1603,Residential,2008-05-21,183200,38.6642,-121.218
64,"404 6TH ST",GALT,95632,CA,3,1,1479,Residential,2008-05-21,188741,38.2518,-121.302
65,"8317 SUNNY CREEK WAY",SACRAMENTO,95823,CA,3,2,1420,Residential,2008-05-21,189000,38.459,-121.425
66,"2617 BASS CT",SACRAMENTO,95826,CA,3,2,1280,Residential,2008-05-21,192067,38.5608,-121.377
67,"7005 TIANT WAY","ELK GROVE",95758,CA,3,2,1586,Residential,2008-05-21,194000,38.4228,-121.423
68,"7895 CABER WAY",ANTELOPE,95843,CA,3,2,1362,Residential,2008-05-21,194818,38.7113,-121.393
69,"7624 BOGEY CT",SACRAMENTO,95828,CA,4,4,2162,Multi-Family,2008-05-21,195000,38.4801,-121.415
70,"6930 HAMPTON COVE WAY",SACRAMENTO,95823,CA,3,2,1266,Residential,2008-05-21,198000,38.44,-121.421
71,"8708 MESA BROOK WAY","ELK GROVE",95624,CA,4,2,1715,Residential,2008-05-21,199500,38.4408,-121.386
72,"120 GRANT LN",FOLSOM,95630,CA,3,2,1820,Residential,2008-05-21,200000,38.6877,-121.171
73,"5907 ELLERSLEE DR",CARMICHAEL,95608,CA,3,1,936,Residential,2008-05-21,200000,38.6645,-121.327
74,"17 SERASPI CT",SACRAMENTO,95834,CA,0,0,0,Residential,2008-05-21,206000,38.6315,-121.502
75,"170 PENHOW CIR",SACRAMENTO,95834,CA,3,2,1511,Residential,2008-05-21,208000,38.6534,-121.535
76,"8345 STAR THISTLE WAY",SACRAMENTO,95823,CA,4,2,1590,Residential,2008-05-21,212864,38.4543,-121.439
77,"9080 FRESCA WAY","ELK GROVE",95758,CA,4,2,1596,Residential,2008-05-21,221000,38.4278,-121.424
78,"391 NATALINO CIR",SACRAMENTO,95835,CA,2,2,1341,Residential,2008-05-21,221000,38.6731,-121.506
79,"8373 BLACKMAN WAY","ELK GROVE",95624,CA,5,3,2136,Residential,2008-05-21,223058,38.4354,-121.395
80,"9837 CORTE DORADO CT","ELK GROVE",95624,CA,4,2,1616,Residential,2008-05-21,227887,38.4007,-121.381
81,"5037 J PKWY",SACRAMENTO,95823,CA,3,2,1478,Residential,2008-05-21,231477,38.4914,-121.444
82,"10245 LOS PALOS DR","RANCHO CORDOVA",95670,CA,3,2,1287,Residential,2008-05-21,234697,38.5937,-121.311
83,"6613 NAVION DR","CITRUS HEIGHTS",95621,CA,4,2,1277,Residential,2008-05-21,235000,38.7029,-121.313
84,"2887 AZEVEDO DR",SACRAMENTO,95833,CA,4,2,1448,Residential,2008-05-21,236000,38.6185,-121.509
85,"9186 KINBRACE CT",SACRAMENTO,95829,CA,4,3,2235,Residential,2008-05-21,236685,38.4634,-121.359
86,"4243 MIDDLEBURY WAY",MATHER,95655,CA,3,2,2093,Residential,2008-05-21,237800,38.548,-121.28
87,"1028 FALLON PLACE CT","RIO LINDA",95673,CA,3,2,1193,Residential,2008-05-21,240122,38.6938,-121.441
88,"4804 NORIKER DR","ELK GROVE",95757,CA,3,2,2163,Residential,2008-05-21,242638,38.401,-121.448
89,"7713 HARVEST WOODS DR",SACRAMENTO,95828,CA,3,2,1269,Residential,2008-05-21,244000,38.4782,-121.413
90,"2866 KARITSA AVE",SACRAMENTO,95833,CA,0,0,0,Residential,2008-05-21,244500,38.6267,-121.526
91,"6913 RICHEVE WAY",SACRAMENTO,95828,CA,3,1,958,Residential,2008-05-21,244960,38.5025,-121.421
92,"8636 TEGEA WAY","ELK GROVE",95624,CA,5,3,2508,Residential,2008-05-21,245918,38.4438,-121.382
93,"5448 MAIDSTONE WAY","CITRUS HEIGHTS",95621,CA,3,2,1305,Residential,2008-05-21,250000,38.6654,-121.293
94,"18 OLLIE CT","ELK GROVE",95758,CA,4,2,1591,Residential,2008-05-21,250000,38.4449,-121.412
95,"4010 ALEX LN",CARMICHAEL,95608,CA,2,2,1326,Condo,2008-05-21,250134,38.637,-121.313
96,"4901 MILLNER WAY","ELK GROVE",95757,CA,3,2,1843,Residential,2008-05-21,254200,38.3869,-121.447
97,"4818 BRITTNEY LEE CT",SACRAMENTO,95841,CA,4,2,1921,Residential,2008-05-21,254200,38.6539,-121.342
98,"5529 LAGUNA PARK DR","ELK GROVE",95758,CA,5,3,2790,Residential,2008-05-21,258000,38.4257,-121.438
99,"230 CANDELA CIR",SACRAMENTO,95835,CA,3,2,1541,Residential,2008-05-21,260000,38.6562,-121.548
100,"4900 71ST ST",SACRAMENTO,95820,CA,3,1,1018,Residential,2008-05-21,260014,38.5315,-121.421
101,"12209 CONSERVANCY WAY","RANCHO CORDOVA",95742,CA,0,0,0,Residential,2008-05-21,263500,38.5539,-121.219
102,"4236 NATOMAS CENTRAL DR",SACRAMENTO,95834,CA,3,2,1672,Condo,2008-05-21,265000,38.6489,-121.544
103,"5615 LUPIN LN","POLLOCK PINES",95726,CA,3,2,1380,Residential,2008-05-21,265000,38.7083,-120.604
104,"5625 JAMES WAY",SACRAMENTO,95822,CA,3,1,975,Residential,2008-05-21,271742,38.5239,-121.485
105,"7842 LAHONTAN CT",SACRAMENTO,95829,CA,4,3,2372,Residential,2008-05-21,273750,38.473,-121.319
106,"6850 21ST ST",SACRAMENTO,95822,CA,3,2,1446,Residential,2008-05-21,275086,38.5022,-121.491
107,"2900 BLAIR RD","POLLOCK PINES",95726,CA,2,2,1284,Residential,2008-05-21,280908,38.7548,-120.605
108,"2064 EXPEDITION WAY",SACRAMENTO,95832,CA,4,3,3009,Residential,2008-05-21,280987,38.4741,-121.491
109,"2912 NORCADE CIR",SACRAMENTO,95826,CA,8,4,3612,Multi-Family,2008-05-21,282400,38.5595,-121.365
110,"9507 SEA CLIFF WAY","ELK GROVE",95758,CA,4,2,2056,Residential,2008-05-21,285000,38.411,-121.479
111,"8882 AUTUMN GOLD CT","ELK GROVE",95624,CA,4,2,1993,Residential,2008-05-21,287417,38.4439,-121.373
112,"5322 WHITE LOTUS WAY","ELK GROVE",95757,CA,3,2,1857,Residential,2008-05-21,291000,38.3915,-121.443
113,"1838 CASTRO WAY",SACRAMENTO,95818,CA,2,1,1126,Residential,2008-05-21,292024,38.5561,-121.491
114,"10158 CRAWFORD WAY",SACRAMENTO,95827,CA,4,4,2213,Multi-Family,2008-05-21,297000,38.5703,-121.316
115,"7731 MASTERS ST","ELK GROVE",95758,CA,5,3,2494,Residential,2008-05-21,297000,38.442,-121.411
116,"4925 PERCHERON DR","ELK GROVE",95757,CA,3,2,1843,Residential,2008-05-21,298000,38.4015,-121.448
117,"2010 PROMONTORY POINT LN","GOLD RIVER",95670,CA,2,2,1520,Residential,2008-05-21,299000,38.6287,-121.262
118,"4727 SAVOIE WAY",SACRAMENTO,95835,CA,5,3,2800,Residential,2008-05-21,304037,38.6582,-121.55
119,"8664 MAGNOLIA HILL WAY","ELK GROVE",95624,CA,4,2,2309,Residential,2008-05-21,311000,38.4424,-121.39
120,"9570 HARVEST ROSE WAY",SACRAMENTO,95827,CA,5,3,2367,Residential,2008-05-21,315537,38.556,-121.34
121,"4359 CREGAN CT","RANCHO CORDOVA",95742,CA,5,4,3516,Residential,2008-05-21,320000,38.5451,-121.225
122,"5337 DUSTY ROSE WAY","RANCHO CORDOVA",95742,CA,0,0,0,Residential,2008-05-21,320000,38.5286,-121.229
123,"8929 SUTTERS GOLD DR",SACRAMENTO,95826,CA,4,3,1914,Residential,2008-05-21,328360,38.5508,-121.37
124,"8025 PEERLESS AVE",ORANGEVALE,95662,CA,2,1,1690,Residential,2008-05-21,334150,38.7115,-121.216
125,"4620 WELERA WAY","ELK GROVE",95757,CA,3,3,2725,Residential,2008-05-21,335750,38.3986,-121.45
126,"9723 TERRAPIN CT","ELK GROVE",95757,CA,4,3,2354,Residential,2008-05-21,335750,38.4035,-121.43
127,"2115 SMOKESTACK WAY",SACRAMENTO,95833,CA,0,0,0,Residential,2008-05-21,339500,38.6024,-121.543
128,"100 REBECCA WAY",FOLSOM,95630,CA,3,2,2185,Residential,2008-05-21,344250,38.6848,-121.149
129,"9488 OAK VILLAGE WAY","ELK GROVE",95758,CA,4,2,1801,Residential,2008-05-21,346210,38.4133,-121.405
130,"8495 DARTFORD DR",SACRAMENTO,95823,CA,3,3,1961,Residential,2008-05-21,347029,38.4485,-121.421
131,"6708 PONTA DO SOL WAY","ELK GROVE",95757,CA,4,2,3134,Residential,2008-05-21,347650,38.3806,-121.426
132,"4143 SEA MEADOW WAY",SACRAMENTO,95823,CA,4,3,1915,Residential,2008-05-21,351300,38.4653,-121.458
133,"3020 RICHARDSON CIR","EL DORADO HILLS",95762,CA,3,2,0,Residential,2008-05-21,352000,38.6913,-121.082
134,"8082 LINDA ISLE LN",SACRAMENTO,95831,CA,0,0,0,Residential,2008-05-21,370000,38.4772,-121.521
135,"15300 MURIETA SOUTH PKWY","RANCHO MURIETA",95683,CA,4,3,2734,Residential,2008-05-21,370500,38.4874,-121.075
136,"11215 SHARRMONT CT",WILTON,95693,CA,3,2,2110,Residential,2008-05-21,372000,38.3506,-121.228
137,"7105 DANBERG WAY","ELK GROVE",95757,CA,5,3,3164,Residential,2008-05-21,375000,38.4019,-121.42
138,"5579 JERRY LITELL WAY",SACRAMENTO,95835,CA,5,3,3599,Residential,2008-05-21,381300,38.6771,-121.501
139,"1050 FOXHALL WAY",SACRAMENTO,95831,CA,4,2,2054,Residential,2008-05-21,381942,38.5098,-121.52
140,"7837 ABBINGTON WAY",ANTELOPE,95843,CA,4,2,1830,Residential,2008-05-21,387731,38.7099,-121.339
141,"1300 F ST",SACRAMENTO,95814,CA,3,3,1627,Residential,2008-05-21,391000,38.5835,-121.487
142,"6801 RAWLEY WAY","ELK GROVE",95757,CA,4,3,3440,Residential,2008-05-21,394470,38.4084,-121.424
143,"1693 SHELTER COVE DR",GREENWOOD,95635,CA,3,2,2846,Residential,2008-05-21,395000,38.9454,-120.909
144,"9361 WADDELL LN","ELK GROVE",95624,CA,4,3,2359,Residential,2008-05-21,400186,38.4508,-121.35
145,"10 SEA FOAM CT",SACRAMENTO,95831,CA,3,3,2052,Residential,2008-05-21,415000,38.4879,-121.546
146,"6945 RIO TEJO WAY","ELK GROVE",95757,CA,5,3,3433,Residential,2008-05-21,425000,38.3856,-121.423
147,"4186 TULIP PARK WAY","RANCHO CORDOVA",95742,CA,5,3,3615,Residential,2008-05-21,430000,38.5506,-121.235
148,"9278 DAIRY CT","ELK GROVE",95624,CA,0,0,0,Residential,2008-05-21,445000,38.4203,-121.364
149,"207 ORANGE BLOSSOM CIR Unit C",FOLSOM,95630,CA,5,3,2687,Residential,2008-05-21,460000,38.6463,-121.175
150,"6507 RIO DE ONAR WAY","ELK GROVE",95757,CA,4,3,2724,Residential,2008-05-21,461000,38.3825,-121.428
151,"7004 RAWLEY WAY","ELK GROVE",95757,CA,4,3,3440,Residential,2008-05-21,489332,38.4064,-121.422
152,"6503 RIO DE ONAR WAY","ELK GROVE",95757,CA,5,4,3508,Residential,2008-05-21,510000,38.3825,-121.428
153,"2217 APPALOOSA CT",FOLSOM,95630,CA,4,2,2462,Residential,2008-05-21,539000,38.6552,-121.09
154,"868 HILDEBRAND CIR",FOLSOM,95630,CA,0,0,0,Residential,2008-05-21,585000,38.6709,-121.098
155,"6030 PALERMO WAY","EL DORADO HILLS",95762,CA,4,3,0,Residential,2008-05-21,600000,38.6728,-121.05
156,"4070 REDONDO DR","EL DORADO HILLS",95762,CA,4,3,0,Residential,2008-05-21,606238,38.6668,-121.065
157,"4004 CRESTA WAY",SACRAMENTO,95864,CA,3,3,2325,Residential,2008-05-21,660000,38.5916,-121.371
158,"315 JUMEL CT","EL DORADO HILLS",95762,CA,6,5,0,Residential,2008-05-21,830000,38.6699,-121.06
159,"6272 LONGFORD DR Unit 1","CITRUS HEIGHTS",95621,CA,2,1,795,Condo,2008-05-20,69000,38.6809,-121.314
160,"3432 Y ST",SACRAMENTO,95817,CA,4,2,1099,Residential,2008-05-20,70000,38.555,-121.468
161,"9512 EMERALD PARK DR Unit 3","ELK GROVE",95624,CA,2,1,840,Condo,2008-05-20,71000,38.4057,-121.37
162,"3132 CLAY ST",SACRAMENTO,95815,CA,2,1,800,Residential,2008-05-20,78000,38.6247,-121.439
163,"5221 38TH AVE",SACRAMENTO,95824,CA,2,1,746,Residential,2008-05-20,78400,38.518,-121.444
164,"6112 HERMOSA ST",SACRAMENTO,95822,CA,3,1,1067,Residential,2008-05-20,80000,38.5151,-121.48
165,"483 ARCADE BLVD",SACRAMENTO,95815,CA,4,2,1316,Residential,2008-05-20,89000,38.6236,-121.455
166,"671 SONOMA AVE",SACRAMENTO,95815,CA,3,1,1337,Residential,2008-05-20,90000,38.623,-121.45
167,"5980 79TH ST",SACRAMENTO,95824,CA,2,1,868,Residential,2008-05-20,90000,38.5184,-121.412
168,"7607 ELDER CREEK RD",SACRAMENTO,95824,CA,3,1,924,Residential,2008-05-20,92000,38.5106,-121.415
169,"5028 14TH AVE",SACRAMENTO,95820,CA,2,1,610,Residential,2008-05-20,93675,38.5394,-121.447
170,"14788 NATCHEZ CT","RANCHO MURIETA",95683,CA,0,0,0,Residential,2008-05-20,97750,38.4923,-121.1
171,"1069 ACACIA AVE",SACRAMENTO,95815,CA,2,1,1220,Residential,2008-05-20,98000,38.622,-121.442
172,"5201 LAGUNA OAKS DR Unit 199","ELK GROVE",95758,CA,1,1,722,Condo,2008-05-20,98000,38.4233,-121.444
173,"3847 LAS PASAS WAY",SACRAMENTO,95864,CA,3,1,1643,Residential,2008-05-20,99000,38.5887,-121.374
174,"5201 LAGUNA OAKS DR Unit 172","ELK GROVE",95758,CA,1,1,722,Condo,2008-05-20,100000,38.4233,-121.444
175,"1121 CREEKSIDE WAY",GALT,95632,CA,3,1,1080,Residential,2008-05-20,106716,38.2415,-121.312
176,"5307 CABRILLO WAY",SACRAMENTO,95820,CA,3,1,1039,Residential,2008-05-20,111000,38.5271,-121.435
177,"3725 DON JULIO BLVD","NORTH HIGHLANDS",95660,CA,3,1,1051,Residential,2008-05-20,111000,38.679,-121.379
178,"4803 MCCLOUD DR",SACRAMENTO,95842,CA,2,2,967,Residential,2008-05-20,114800,38.6823,-121.353
179,"10542 SILVERWOOD WAY","RANCHO CORDOVA",95670,CA,3,1,1098,Residential,2008-05-20,120108,38.5872,-121.296
180,"6318 39TH AVE",SACRAMENTO,95824,CA,3,1,1050,Residential,2008-05-20,123225,38.5189,-121.43
181,"211 MCDANIEL CIR",SACRAMENTO,95838,CA,3,2,1110,Residential,2008-05-20,123750,38.6366,-121.46
182,"3800 LYNHURST WAY","NORTH HIGHLANDS",95660,CA,3,1,888,Residential,2008-05-20,125000,38.6504,-121.375
183,"6139 HERMOSA ST",SACRAMENTO,95822,CA,3,2,1120,Residential,2008-05-20,125000,38.5147,-121.48
184,"2505 RHINE WAY",ELVERTA,95626,CA,3,2,1080,Residential,2008-05-20,126000,38.718,-121.408
185,"3692 PAYNE WAY","NORTH HIGHLANDS",95660,CA,3,1,957,Residential,2008-05-20,129000,38.6665,-121.378
186,"604 MORRISON AVE",SACRAMENTO,95838,CA,2,1,952,Residential,2008-05-20,134000,38.6377,-121.452
187,"648 SANTA ANA AVE",SACRAMENTO,95838,CA,3,2,1211,Residential,2008-05-20,135000,38.6585,-121.45
188,"14 ASHLEY OAKS CT",SACRAMENTO,95815,CA,3,2,1264,Residential,2008-05-20,135500,38.6178,-121.437
189,"3174 NORTHVIEW DR",SACRAMENTO,95833,CA,3,1,1080,Residential,2008-05-20,140000,38.6238,-121.478
190,"840 TRANQUIL LN",GALT,95632,CA,3,2,1266,Residential,2008-05-20,140000,38.2706,-121.299
191,"5333 PRIMROSE DR Unit 19A","FAIR OAKS",95628,CA,2,2,994,Condo,2008-05-20,142500,38.6628,-121.276
192,"1035 MILLET WAY",SACRAMENTO,95834,CA,3,2,1202,Residential,2008-05-20,143500,38.6311,-121.485
193,"5201 LAGUNA OAKS DR Unit 126","ELK GROVE",95758,CA,0,0,0,Condo,2008-05-20,145000,38.4233,-121.444
194,"3328 22ND AVE",SACRAMENTO,95820,CA,2,1,722,Residential,2008-05-20,145000,38.5327,-121.471
195,"8001 HARTWICK WAY",SACRAMENTO,95828,CA,4,2,1448,Residential,2008-05-20,145000,38.4886,-121.411
196,"7812 HARTWICK WAY",SACRAMENTO,95828,CA,3,2,1188,Residential,2008-05-20,145000,38.4886,-121.413
197,"4207 PAINTER WAY","NORTH HIGHLANDS",95660,CA,4,2,1183,Residential,2008-05-20,146000,38.6929,-121.368
198,"7458 WINKLEY WAY",SACRAMENTO,95822,CA,3,1,1320,Residential,2008-05-20,148500,38.4874,-121.491
199,"8354 SUNRISE WOODS WAY",SACRAMENTO,95828,CA,3,2,1117,Residential,2008-05-20,149000,38.4733,-121.396
200,"8116 COTTONMILL CIR",SACRAMENTO,95828,CA,3,2,1364,Residential,2008-05-20,150000,38.4829,-121.406
201,"4660 CEDARWOOD WAY",SACRAMENTO,95823,CA,4,2,1310,Residential,2008-05-20,150000,38.4848,-121.449
202,"9254 HARROGATE WAY","ELK GROVE",95758,CA,2,2,1006,Residential,2008-05-20,152000,38.4201,-121.412
203,"6716 TAREYTON WAY","CITRUS HEIGHTS",95621,CA,3,2,1104,Residential,2008-05-20,156000,38.6937,-121.307
204,"2028 ROBERT WAY",SACRAMENTO,95825,CA,2,1,810,Residential,2008-05-20,156000,38.61,-121.419
205,"9346 AIZENBERG CIR","ELK GROVE",95624,CA,2,2,1123,Residential,2008-05-20,156000,38.4188,-121.37
206,"4524 LOCH HAVEN WAY",SACRAMENTO,95842,CA,2,1,904,Residential,2008-05-20,157788,38.6727,-121.36
207,"7140 BLUE SPRINGS WAY","CITRUS HEIGHTS",95621,CA,3,2,1156,Residential,2008-05-20,161653,38.7207,-121.302
208,"4631 11TH AVE",SACRAMENTO,95820,CA,2,1,1321,Residential,2008-05-20,161829,38.542,-121.452
209,"3228 BAGGAN CT",ANTELOPE,95843,CA,3,2,1392,Residential,2008-05-20,165000,38.7153,-121.388
210,"8515 DARTFORD DR",SACRAMENTO,95823,CA,3,2,1439,Residential,2008-05-20,168000,38.4483,-121.421
211,"4500 TIPPWOOD WAY",SACRAMENTO,95842,CA,3,2,1159,Residential,2008-05-20,169000,38.6995,-121.36
212,"2460 EL ROCCO WAY","RANCHO CORDOVA",95670,CA,3,2,1671,Residential,2008-05-20,175000,38.5915,-121.315
213,"8244 SUNBIRD WAY",SACRAMENTO,95823,CA,3,2,1740,Residential,2008-05-20,176250,38.4577,-121.431
214,"5841 VALLEY VALE WAY",SACRAMENTO,95823,CA,3,2,1265,Residential,2008-05-20,179000,38.4613,-121.434
215,"7863 CRESTLEIGH CT",ANTELOPE,95843,CA,2,2,1007,Residential,2008-05-20,180000,38.7109,-121.359
216,"7129 SPRINGMONT DR","ELK GROVE",95758,CA,3,2,1716,Residential,2008-05-20,180400,38.4176,-121.42
217,"8284 RED FOX WAY","ELK GROVE",95758,CA,4,2,1685,Residential,2008-05-20,182000,38.4172,-121.397
218,"2219 EL CANTO CIR","RANCHO CORDOVA",95670,CA,4,2,1829,Residential,2008-05-20,184500,38.5924,-121.319
219,"8907 GEMWOOD WAY","ELK GROVE",95758,CA,3,2,1555,Residential,2008-05-20,185000,38.4355,-121.441
220,"5925 MALEVILLE AVE",CARMICHAEL,95608,CA,4,2,1120,Residential,2008-05-20,189000,38.6666,-121.326
221,"7031 CANEVALLEY CIR","CITRUS HEIGHTS",95621,CA,3,2,1137,Residential,2008-05-20,194000,38.7187,-121.304
222,"3949 WILDROSE WAY",SACRAMENTO,95826,CA,3,1,1174,Residential,2008-05-20,195000,38.5437,-121.367
223,"4437 MITCHUM CT",ANTELOPE,95843,CA,3,2,1393,Residential,2008-05-20,200000,38.7044,-121.361
224,"2778 KAWEAH CT","CAMERON PARK",95682,CA,3,1,0,Residential,2008-05-20,201000,38.6941,-120.996
225,"1636 ALLENWOOD CIR",LINCOLN,95648,CA,4,2,0,Residential,2008-05-20,202500,38.8792,-121.309
226,"8151 QUAIL RIDGE CT",SACRAMENTO,95828,CA,3,2,1289,Residential,2008-05-20,205000,38.4613,-121.391
227,"4899 WIND CREEK DR",SACRAMENTO,95838,CA,4,2,1799,Residential,2008-05-20,205000,38.6559,-121.446
228,"2370 BIG CANYON CREEK RD",PLACERVILLE,95667,CA,3,2,0,Residential,2008-05-20,205000,38.7446,-120.794
229,"6049 HAMBURG WAY",SACRAMENTO,95823,CA,4,3,1953,Residential,2008-05-20,205000,38.4433,-121.432
230,"4232 71ST ST",SACRAMENTO,95820,CA,2,1,723,Residential,2008-05-20,207000,38.5367,-121.421
231,"3361 BOW MAR CT","CAMERON PARK",95682,CA,2,2,0,Residential,2008-05-20,210000,38.6944,-120.997
232,"1889 COLD SPRINGS RD",PLACERVILLE,95667,CA,2,1,948,Residential,2008-05-20,211500,38.7398,-120.86
233,"5805 HIMALAYA WAY","CITRUS HEIGHTS",95621,CA,4,2,1578,Residential,2008-05-20,215000,38.6965,-121.329
234,"7944 SYLVAN OAK WAY","CITRUS HEIGHTS",95610,CA,3,2,1317,Residential,2008-05-20,215000,38.7104,-121.261
235,"3139 SPOONWOOD WAY Unit 1",SACRAMENTO,95833,CA,0,0,0,Residential,2008-05-20,215500,38.6266,-121.522
236,"6217 LEOLA WAY",SACRAMENTO,95824,CA,3,1,1360,Residential,2008-05-20,222381,38.5131,-121.452
237,"2340 HURLEY WAY",SACRAMENTO,95825,CA,0,0,0,Condo,2008-05-20,225000,38.5888,-121.409
238,"3035 BRUNNET LN",SACRAMENTO,95833,CA,3,2,1522,Residential,2008-05-20,225000,38.6248,-121.523
239,"3025 EL PRADO WAY",SACRAMENTO,95825,CA,4,2,1751,Residential,2008-05-20,225000,38.6066,-121.394
240,"9387 GRANITE FALLS CT","ELK GROVE",95624,CA,3,2,1465,Residential,2008-05-20,225000,38.4192,-121.349
241,"9257 CALDERA WAY",SACRAMENTO,95826,CA,4,2,1605,Residential,2008-05-20,228000,38.5582,-121.355
242,"441 ARLINGDALE CIR","RIO LINDA",95673,CA,4,2,1475,Residential,2008-05-20,229665,38.7029,-121.455
243,"2284 LOS ROBLES RD","MEADOW VISTA",95722,CA,3,1,1216,Residential,2008-05-20,230000,39.0082,-121.036
244,"8164 CHENIN BLANC LN","FAIR OAKS",95628,CA,2,2,1315,Residential,2008-05-20,230000,38.6656,-121.26
245,"4620 CHAMBERLIN CIR","ELK GROVE",95757,CA,3,2,1567,Residential,2008-05-20,230000,38.3906,-121.45
246,"5340 BIRK WAY",SACRAMENTO,95835,CA,3,2,1776,Residential,2008-05-20,234000,38.6725,-121.515
247,"51 ANJOU CIR",SACRAMENTO,95835,CA,3,2,2187,Residential,2008-05-20,235000,38.6617,-121.541
248,"2125 22ND AVE",SACRAMENTO,95822,CA,3,1,1291,Residential,2008-05-20,236250,38.5346,-121.493
249,"611 BLOSSOM ROCK LN",FOLSOM,95630,CA,0,0,0,Condo,2008-05-20,240000,38.6457,-121.12
250,"8830 ADUR RD","ELK GROVE",95624,CA,0,0,0,Residential,2008-05-20,242000,38.4374,-121.373
251,"7344 BUTTERBALL WAY",SACRAMENTO,95842,CA,3,2,1503,Residential,2008-05-20,245000,38.6995,-121.362
252,"8219 GWINHURST CIR",SACRAMENTO,95828,CA,4,3,2491,Residential,2008-05-20,245000,38.4597,-121.384
253,"3240 S ST",SACRAMENTO,95816,CA,2,1,1269,Residential,2008-05-20,245000,38.5623,-121.467
254,"221 PICASSO CIR",SACRAMENTO,95835,CA,0,0,0,Residential,2008-05-20,250000,38.6767,-121.528
255,"5706 GREENACRES WAY",ORANGEVALE,95662,CA,3,2,1176,Residential,2008-05-20,250000,38.6699,-121.214
256,"6900 LONICERA DR",ORANGEVALE,95662,CA,4,2,1456,Residential,2008-05-20,250000,38.6922,-121.251
257,"419 DAWNRIDGE RD",ROSEVILLE,95678,CA,3,2,1498,Residential,2008-05-20,250000,38.7253,-121.298
258,"5312 MARBURY WAY",ANTELOPE,95843,CA,3,2,1574,Residential,2008-05-20,255000,38.7102,-121.342
259,"6344 BONHAM CIR","CITRUS HEIGHTS",95610,CA,5,4,2085,Multi-Family,2008-05-20,256054,38.6824,-121.273
260,"8207 YORKTON WAY",SACRAMENTO,95829,CA,3,2,2170,Residential,2008-05-20,257729,38.4597,-121.36
261,"7922 MANSELL WAY","ELK GROVE",95758,CA,4,2,1595,Residential,2008-05-20,260000,38.4096,-121.411
262,"5712 MELBURY CIR",ANTELOPE,95843,CA,3,2,1567,Residential,2008-05-20,261000,38.7058,-121.335
263,"632 NEWBRIDGE LN",LINCOLN,95648,CA,4,2,0,Residential,2008-05-20,261800,38.8791,-121.299
264,"1570 GLIDDEN AVE",SACRAMENTO,95822,CA,4,2,1253,Residential,2008-05-20,264469,38.4827,-121.5
265,"8108 FILIFERA WAY",ANTELOPE,95843,CA,4,3,1768,Residential,2008-05-20,265000,38.717,-121.355
266,"230 BANKSIDE WAY",SACRAMENTO,95835,CA,0,0,0,Residential,2008-05-20,270000,38.6769,-121.529
267,"5342 CALABRIA WAY",SACRAMENTO,95835,CA,4,3,2030,Residential,2008-05-20,270000,38.6718,-121.498
268,"47 NAPONEE CT",SACRAMENTO,95835,CA,3,2,1531,Residential,2008-05-20,270000,38.6657,-121.529
269,"4236 ADRIATIC SEA WAY",SACRAMENTO,95834,CA,0,0,0,Residential,2008-05-20,270000,38.648,-121.543
270,"8864 REMBRANT CT","ELK GROVE",95624,CA,4,3,1653,Residential,2008-05-20,275000,38.4353,-121.376
271,"9455 SEA CLIFF WAY","ELK GROVE",95758,CA,4,2,2056,Residential,2008-05-20,275000,38.4115,-121.481
272,"9720 LITTLE HARBOR WAY","ELK GROVE",95624,CA,4,3,2494,Residential,2008-05-20,280000,38.4049,-121.352
273,"8806 PHOENIX AVE","FAIR OAKS",95628,CA,3,2,1450,Residential,2008-05-20,286013,38.6603,-121.23
274,"3578 LOGGERHEAD WAY",SACRAMENTO,95834,CA,4,2,2169,Residential,2008-05-20,292000,38.633,-121.527
275,"1416 LOCKHART WAY",ROSEVILLE,95747,CA,3,2,1440,Residential,2008-05-20,292000,38.7524,-121.33
276,"5413 BUENA VENTURA WAY","FAIR OAKS",95628,CA,3,2,1527,Residential,2008-05-20,293993,38.6646,-121.256
277,"37 WHITE BIRCH CT",ROSEVILLE,95678,CA,3,2,1401,Residential,2008-05-20,294000,38.7763,-121.285
278,"405 MARLIN SPIKE WAY",SACRAMENTO,95838,CA,3,2,1411,Residential,2008-05-20,296769,38.6578,-121.457
279,"1102 CHESLEY LN",LINCOLN,95648,CA,4,4,0,Residential,2008-05-20,297500,38.8649,-121.314
280,"11281 STANFORD COURT LN Unit 604","GOLD RIVER",95670,CA,0,0,0,Condo,2008-05-20,300000,38.6253,-121.26
281,"7320 6TH ST","RIO LINDA",95673,CA,3,1,1284,Residential,2008-05-20,300000,38.7006,-121.452
282,"993 MANTON CT",GALT,95632,CA,4,3,2307,Residential,2008-05-20,300000,38.2729,-121.289
283,"4487 PANORAMA DR",PLACERVILLE,95667,CA,3,2,1329,Residential,2008-05-20,300000,38.6946,-120.848
284,"5651 OVERLEAF WAY",SACRAMENTO,95835,CA,4,2,1910,Residential,2008-05-20,300500,38.6775,-121.495
285,"2015 PROMONTORY POINT LN","GOLD RIVER",95670,CA,3,2,1981,Residential,2008-05-20,305000,38.6287,-121.261
286,"3224 PARKHAM DR",ROSEVILLE,95747,CA,0,0,0,Residential,2008-05-20,306500,38.7728,-121.365
287,"15 VANESSA PL",SACRAMENTO,95835,CA,0,0,0,Residential,2008-05-20,312500,38.6687,-121.545
288,"1312 RENISON LN",LINCOLN,95648,CA,5,3,0,Residential,2008-05-20,315000,38.8664,-121.308
289,"8 RIVER RAFT CT",SACRAMENTO,95823,CA,4,2,2205,Residential,2008-05-20,319789,38.4474,-121.435
290,"2251 LAMPLIGHT LN",LINCOLN,95648,CA,2,2,1449,Residential,2008-05-20,330000,38.8499,-121.276
291,"106 FARHAM DR",FOLSOM,95630,CA,3,2,1258,Residential,2008-05-20,330000,38.6678,-121.169
292,"5405 NECTAR CIR","ELK GROVE",95757,CA,3,2,2575,Residential,2008-05-20,331000,38.387,-121.441
293,"5411 10TH AVE",SACRAMENTO,95820,CA,2,1,539,Residential,2008-05-20,334000,38.5427,-121.442
294,"3512 RAINSONG CIR","RANCHO CORDOVA",95670,CA,4,3,2208,Residential,2008-05-20,336000,38.5735,-121.283
295,"1106 55TH ST",SACRAMENTO,95819,CA,3,1,1108,Residential,2008-05-20,339000,38.5638,-121.436
296,"411 ILLSLEY WAY",FOLSOM,95630,CA,4,2,1595,Residential,2008-05-20,339000,38.652,-121.13
297,"796 BUTTERCUP CIR",GALT,95632,CA,4,2,2159,Residential,2008-05-20,345000,38.2796,-121.301
298,"1230 SANDRA CIR",PLACERVILLE,95667,CA,4,3,2295,Residential,2008-05-20,350000,38.7381,-120.784
299,"318 ANACAPA DR",ROSEVILLE,95678,CA,3,2,1838,Residential,2008-05-20,356000,38.7821,-121.297
300,"3975 SHINING STAR DR",SACRAMENTO,95823,CA,4,2,1900,Residential,2008-05-20,361745,38.4874,-121.461
301,"1620 BASLER ST",SACRAMENTO,95811,CA,4,2,1718,Residential,2008-05-20,361948,38.5918,-121.479
302,"9688 NATURE TRAIL WAY","ELK GROVE",95757,CA,5,3,3389,Residential,2008-05-20,370000,38.4052,-121.479
303,"5924 TANUS CIR",ROCKLIN,95677,CA,4,2,0,Residential,2008-05-20,380000,38.7787,-121.204
304,"9629 CEDAR OAK WAY","ELK GROVE",95757,CA,5,4,3260,Residential,2008-05-20,385000,38.4055,-121.432
305,"3429 FERNBROOK CT","CAMERON PARK",95682,CA,3,2,2016,Residential,2008-05-20,399000,38.6642,-121.007
306,"2121 HANNAH WAY",ROCKLIN,95765,CA,4,2,2607,Residential,2008-05-20,402000,38.8057,-121.281
307,"10104 ANNIE ST","ELK GROVE",95757,CA,4,3,2724,Residential,2008-05-20,406026,38.3905,-121.443
308,"1092 MAUGHAM CT",GALT,95632,CA,5,4,3746,Residential,2008-05-20,420000,38.2716,-121.287
309,"5404 ALMOND FALLS WAY","RANCHO CORDOVA",95742,CA,0,0,0,Residential,2008-05-20,425000,38.5275,-121.233
310,"6306 CONEJO","RANCHO MURIETA",95683,CA,4,2,3192,Residential,2008-05-20,425000,38.5126,-121.087
311,"14 CASA VATONI PL",SACRAMENTO,95834,CA,0,0,0,Residential,2008-05-20,433500,38.6502,-121.552
312,"1456 EAGLESFIELD LN",LINCOLN,95648,CA,4,3,0,Residential,2008-05-20,436746,38.8576,-121.311
313,"4100 BOTHWELL CIR","EL DORADO HILLS",95762,CA,5,3,0,Residential,2008-05-20,438700,38.6791,-121.034
314,"427 21ST ST",SACRAMENTO,95811,CA,2,1,1247,Residential,2008-05-20,445000,38.5826,-121.476
315,"1044 GALSTON DR",FOLSOM,95630,CA,4,2,2581,Residential,2008-05-20,450000,38.6763,-121.1
316,"4440 SYCAMORE AVE",SACRAMENTO,95841,CA,3,1,2068,Residential,2008-05-20,460000,38.6464,-121.354
317,"1032 SOUZA DR","EL DORADO HILLS",95762,CA,3,2,0,Residential,2008-05-20,460000,38.6682,-121.064
318,"9760 LAZULITE CT","ELK GROVE",95624,CA,4,3,3992,Residential,2008-05-20,460000,38.4036,-121.336
319,"241 LANFRANCO CIR",SACRAMENTO,95835,CA,4,4,3397,Residential,2008-05-20,465000,38.6657,-121.549
320,"5559 NORTHBOROUGH DR",SACRAMENTO,95835,CA,5,3,3881,Residential,2008-05-20,471750,38.6772,-121.52
321,"2125 BIG SKY DR",ROCKLIN,95765,CA,5,3,0,Residential,2008-05-20,480000,38.8016,-121.279
322,"2109 HAMLET PL",CARMICHAEL,95608,CA,2,2,1598,Residential,2008-05-20,484000,38.6028,-121.329
323,"9970 STATE HIGHWAY 193",PLACERVILLE,95667,CA,4,3,1929,Residential,2008-05-20,485000,38.7879,-120.817
324,"2901 PINTAIL WAY","ELK GROVE",95757,CA,4,3,3070,Residential,2008-05-20,495000,38.3985,-121.473
325,"201 FIRESTONE DR",ROSEVILLE,95678,CA,0,0,0,Residential,2008-05-20,500500,38.7702,-121.3
326,"1740 HIGH ST",AUBURN,95603,CA,3,3,0,Residential,2008-05-20,504000,38.8919,-121.084
327,"2733 DANA LOOP","EL DORADO HILLS",95762,CA,0,0,0,Residential,2008-05-20,541000,38.6285,-121.055
328,"9741 SADDLEBRED CT",WILTON,95693,CA,0,0,0,Residential,2008-05-20,560000,38.4088,-121.198
329,"7756 TIGERWOODS DR",SACRAMENTO,95829,CA,5,3,3984,Residential,2008-05-20,572500,38.4764,-121.309
330,"5709 RIVER OAK WAY",CARMICHAEL,95608,CA,4,2,2222,Residential,2008-05-20,582000,38.6025,-121.331
331,"2981 WRINGER DR",ROSEVILLE,95661,CA,4,3,3838,Residential,2008-05-20,613401,38.7354,-121.227
332,"8616 ROCKPORTE CT",ROSEVILLE,95747,CA,4,2,0,Residential,2008-05-20,614000,38.7421,-121.36
333,"4128 HILL ST","FAIR OAKS",95628,CA,5,5,2846,Residential,2008-05-20,680000,38.6417,-121.262
334,"1409 47TH ST",SACRAMENTO,95819,CA,5,2,2484,Residential,2008-05-20,699000,38.5632,-121.447
335,"3935 EL MONTE DR",LOOMIS,95650,CA,4,4,1624,Residential,2008-05-20,839000,38.8133,-121.133
336,"5840 WALERGA RD",SACRAMENTO,95842,CA,2,1,840,Condo,2008-05-19,40000,38.6737,-121.357
337,"923 FULTON AVE",SACRAMENTO,95825,CA,1,1,484,Condo,2008-05-19,48000,38.5823,-121.401
338,"261 REDONDO AVE",SACRAMENTO,95815,CA,3,1,970,Residential,2008-05-19,61500,38.6207,-121.461
339,"4030 BROADWAY",SACRAMENTO,95817,CA,2,1,623,Residential,2008-05-19,62050,38.5468,-121.46
340,"3660 22ND AVE",SACRAMENTO,95820,CA,2,1,932,Residential,2008-05-19,65000,38.5327,-121.467
341,"3924 HIGH ST",SACRAMENTO,95838,CA,2,1,796,Residential,2008-05-19,65000,38.6388,-121.435
342,"4734 14TH AVE",SACRAMENTO,95820,CA,2,1,834,Residential,2008-05-19,68000,38.5394,-121.451
343,"4734 14TH AVE",SACRAMENTO,95820,CA,2,1,834,Residential,2008-05-19,68000,38.5394,-121.451
344,"5050 RHODE ISLAND DR Unit 4",SACRAMENTO,95841,CA,2,1,924,Condo,2008-05-19,77000,38.6587,-121.334
345,"4513 GREENHOLME DR",SACRAMENTO,95842,CA,2,1,795,Condo,2008-05-19,82732,38.6691,-121.359
346,"3845 ELM ST",SACRAMENTO,95838,CA,3,1,1250,Residential,2008-05-19,84000,38.6373,-121.433
347,"3908 17TH AVE",SACRAMENTO,95820,CA,2,1,984,Residential,2008-05-19,84675,38.5373,-121.464
348,"7109 CHANDLER DR",SACRAMENTO,95828,CA,3,1,1013,Residential,2008-05-19,85000,38.4972,-121.424
349,"7541 SKELTON WAY",SACRAMENTO,95822,CA,3,1,1012,Residential,2008-05-19,90000,38.4843,-121.489
350,"9058 MONTOYA ST",SACRAMENTO,95826,CA,2,1,795,Condo,2008-05-19,90000,38.5591,-121.368
351,"1016 CONGRESS AVE",SACRAMENTO,95838,CA,2,2,918,Residential,2008-05-19,91000,38.6301,-121.443
352,"540 MORRISON AVE",SACRAMENTO,95838,CA,3,1,1082,Residential,2008-05-19,95000,38.6377,-121.454
353,"5303 JERRETT WAY",SACRAMENTO,95842,CA,2,1,964,Residential,2008-05-19,97500,38.6633,-121.36
354,"2820 DEL PASO BLVD",SACRAMENTO,95815,CA,4,2,1404,Multi-Family,2008-05-19,100000,38.6177,-121.44
355,"3715 TALLYHO DR Unit 78HIGH",SACRAMENTO,95826,CA,1,1,625,Condo,2008-05-19,100000,38.5446,-121.358
356,"6013 ROWAN WAY","CITRUS HEIGHTS",95621,CA,2,1,888,Residential,2008-05-19,101000,38.6759,-121.296
357,"2987 PONDEROSA LN",SACRAMENTO,95815,CA,4,2,1120,Residential,2008-05-19,102750,38.6222,-121.458
358,"3732 LANKERSHIM WAY","NORTH HIGHLANDS",95660,CA,3,1,1331,Residential,2008-05-19,112500,38.6897,-121.378
359,"2216 DUNLAP DR",SACRAMENTO,95821,CA,3,1,1014,Residential,2008-05-19,113000,38.6237,-121.413
360,"3503 21ST AVE",SACRAMENTO,95820,CA,4,2,1448,Residential,2008-05-19,114000,38.5336,-121.469
361,"523 EXCHANGE ST",SACRAMENTO,95838,CA,3,1,966,Residential,2008-05-19,114000,38.6594,-121.454
362,"8101 PORT ROYALE WAY",SACRAMENTO,95823,CA,2,1,779,Residential,2008-05-19,114750,38.4639,-121.439
363,"8020 WALERGA RD",ANTELOPE,95843,CA,2,2,836,Condo,2008-05-19,115000,38.7161,-121.364
364,"167 VALLEY OAK DR",ROSEVILLE,95678,CA,2,2,1100,Condo,2008-05-19,115000,38.7324,-121.288
365,"7876 BURLINGTON WAY",SACRAMENTO,95832,CA,3,1,1174,Residential,2008-05-19,116100,38.4701,-121.468
366,"3726 JONKO AVE","NORTH HIGHLANDS",95660,CA,3,2,1207,Residential,2008-05-19,119250,38.6561,-121.377
367,"7342 GIGI PL",SACRAMENTO,95828,CA,4,4,1995,Multi-Family,2008-05-19,120000,38.4907,-121.41
368,"2610 PHYLLIS AVE",SACRAMENTO,95820,CA,2,1,804,Residential,2008-05-19,120000,38.5311,-121.48
369,"4200 COMMERCE WAY Unit 711",SACRAMENTO,95834,CA,2,2,958,Condo,2008-05-19,120000,38.6475,-121.523
370,"4621 COUNTRY SCENE WAY",SACRAMENTO,95823,CA,3,2,1366,Residential,2008-05-19,120108,38.4702,-121.448
371,"5380 VILLAGE WOOD DR",SACRAMENTO,95823,CA,2,2,901,Residential,2008-05-19,121500,38.4549,-121.441
372,"2621 EVERGREEN ST",SACRAMENTO,95815,CA,3,1,696,Residential,2008-05-19,121725,38.6131,-121.444
373,"201 CARLO CT",GALT,95632,CA,3,2,1080,Residential,2008-05-19,122000,38.2423,-121.31
374,"6743 21ST ST",SACRAMENTO,95822,CA,3,2,1104,Residential,2008-05-19,123000,38.5037,-121.491
375,"3128 VIA GRANDE",SACRAMENTO,95825,CA,2,1,972,Residential,2008-05-19,125000,38.5983,-121.392
376,"2847 BELGRADE WAY",SACRAMENTO,95833,CA,4,2,1390,Residential,2008-05-19,125573,38.6172,-121.483
377,"7741 MILLDALE CIR",ELVERTA,95626,CA,4,2,1354,Residential,2008-05-19,126714,38.7058,-121.439
378,"9013 CASALS ST",SACRAMENTO,95826,CA,2,1,795,Condo,2008-05-19,126960,38.557,-121.372
379,"227 MAHAN CT Unit 1",ROSEVILLE,95678,CA,2,1,780,Condo,2008-05-19,127000,38.7497,-121.27
380,"7349 FLETCHER FARM DR",SACRAMENTO,95828,CA,4,2,1587,Residential,2008-05-19,127500,38.4907,-121.383
381,"7226 LARCHMONT DR","NORTH HIGHLANDS",95660,CA,3,2,1209,Residential,2008-05-19,130000,38.6993,-121.376
382,"4114 35TH AVE",SACRAMENTO,95824,CA,2,1,1139,Residential,2008-05-19,133105,38.5209,-121.459
383,"617 M ST","RIO LINDA",95673,CA,2,2,1690,Residential,2008-05-19,136500,38.6911,-121.452
384,"7032 FAIR OAKS BLVD",CARMICHAEL,95608,CA,3,2,1245,Condo,2008-05-19,139500,38.6286,-121.328
385,"2421 SANTINA WAY",ELVERTA,95626,CA,3,2,1416,Residential,2008-05-19,140000,38.7187,-121.408
386,"2368 CRAIG AVE",SACRAMENTO,95832,CA,3,2,1300,Residential,2008-05-19,140800,38.4781,-121.481
387,"2123 AMANDA WAY",SACRAMENTO,95822,CA,3,2,1120,Residential,2008-05-19,145000,38.4849,-121.487
388,"7620 DARLA WAY",SACRAMENTO,95828,CA,4,2,1590,Residential,2008-05-19,147000,38.4785,-121.404
389,"8344 FIELDPOPPY CIR",SACRAMENTO,95828,CA,3,2,1407,Residential,2008-05-19,149600,38.4791,-121.401
390,"3624 20TH AVE",SACRAMENTO,95820,CA,5,2,1516,Residential,2008-05-19,150000,38.5345,-121.468
391,"10001 WOODCREEK OAKS BLVD Unit 1415",ROSEVILLE,95747,CA,2,2,0,Condo,2008-05-19,150000,38.7955,-121.329
392,"2848 PROVO WAY",SACRAMENTO,95822,CA,3,2,1646,Residential,2008-05-19,150000,38.4898,-121.475
393,"6045 EHRHARDT AVE",SACRAMENTO,95823,CA,3,2,1676,Residential,2008-05-19,155000,38.4572,-121.433
394,"1223 LAMBERTON CIR",SACRAMENTO,95838,CA,3,2,1370,Residential,2008-05-19,155435,38.6467,-121.438
395,"1223 LAMBERTON CIR",SACRAMENTO,95838,CA,3,2,1370,Residential,2008-05-19,155500,38.6467,-121.438
396,"6000 BIRCHGLADE WAY","CITRUS HEIGHTS",95621,CA,4,2,1351,Residential,2008-05-19,158000,38.7017,-121.323
397,"7204 THOMAS DR","NORTH HIGHLANDS",95660,CA,3,2,1152,Residential,2008-05-19,158000,38.6979,-121.378
398,"8363 LANGTREE WAY",SACRAMENTO,95823,CA,3,2,1452,Residential,2008-05-19,160000,38.4536,-121.436
399,"1675 VERNON ST Unit 8",ROSEVILLE,95678,CA,2,1,990,Residential,2008-05-19,160000,38.7341,-121.3
400,"6632 IBEX WOODS CT","CITRUS HEIGHTS",95621,CA,2,2,1162,Residential,2008-05-19,164000,38.7209,-121.31
401,"117 EVCAR WAY","RIO LINDA",95673,CA,3,2,1182,Residential,2008-05-19,164000,38.6877,-121.463
402,"6485 LAGUNA MIRAGE LN","ELK GROVE",95758,CA,2,2,1112,Residential,2008-05-19,165000,38.4246,-121.43
403,"746 MOOSE CREEK WAY",GALT,95632,CA,3,2,1100,Residential,2008-05-19,167000,38.2831,-121.302
404,"8306 CURLEW CT","CITRUS HEIGHTS",95621,CA,4,2,1280,Residential,2008-05-19,167293,38.7158,-121.299
405,"8306 CURLEW CT","CITRUS HEIGHTS",95621,CA,4,2,1280,Residential,2008-05-19,167293,38.7158,-121.299
406,"5217 ARGO WAY",SACRAMENTO,95820,CA,3,1,1039,Residential,2008-05-19,168000,38.5277,-121.434
407,"7108 HEATHER TREE DR",SACRAMENTO,95842,CA,3,2,1159,Residential,2008-05-19,170000,38.6957,-121.36
408,"2956 DAVENPORT WAY",SACRAMENTO,95833,CA,4,2,1917,Residential,2008-05-19,170000,38.6207,-121.483
409,"10062 LINCOLN VILLAGE DR",SACRAMENTO,95827,CA,3,2,1520,Residential,2008-05-19,170000,38.564,-121.32
410,"332 PALIN AVE",GALT,95632,CA,3,2,1204,Residential,2008-05-19,174000,38.2605,-121.303
411,"4649 FREEWAY CIR",SACRAMENTO,95841,CA,3,2,1120,Residential,2008-05-19,178000,38.6587,-121.357
412,"8593 DERLIN WAY",SACRAMENTO,95823,CA,3,2,1436,Residential,2008-05-19,180000,38.4476,-121.427
413,"9273 PREMIER WAY",SACRAMENTO,95826,CA,3,2,1451,Residential,2008-05-19,180000,38.5599,-121.353
414,"8032 DUSENBERG CT",SACRAMENTO,95828,CA,4,2,1638,Residential,2008-05-19,180000,38.4665,-121.381
415,"7110 STELLA LN Unit 15",CARMICHAEL,95608,CA,2,2,1000,Condo,2008-05-19,182000,38.6374,-121.3
416,"1786 PIEDMONT WAY",ROSEVILLE,95661,CA,3,1,1152,Residential,2008-05-19,188325,38.7275,-121.257
417,"1347 HIDALGO CIR",ROSEVILLE,95747,CA,3,2,1154,Residential,2008-05-19,191500,38.7479,-121.311
418,"212 CAPPUCINO WAY",SACRAMENTO,95838,CA,3,2,1353,Residential,2008-05-19,192000,38.6578,-121.465
419,"5938 WOODBRIAR WAY","CITRUS HEIGHTS",95621,CA,3,2,1329,Residential,2008-05-19,192700,38.7062,-121.325
420,"3801 WILDROSE WAY",SACRAMENTO,95826,CA,3,1,1356,Residential,2008-05-19,195000,38.5444,-121.37
421,"508 SAMUEL WAY",SACRAMENTO,95838,CA,3,2,1505,Residential,2008-05-19,197654,38.6457,-121.453
422,"6128 CARL SANDBURG CIR",SACRAMENTO,95842,CA,3,1,1009,Residential,2008-05-19,198000,38.6815,-121.356
423,"1 KENNELFORD CIR",SACRAMENTO,95823,CA,3,2,1144,Residential,2008-05-19,200345,38.4645,-121.428
424,"909 SINGINGWOOD RD",SACRAMENTO,95864,CA,2,1,930,Residential,2008-05-19,203000,38.5815,-121.388
425,"6671 FOXWOOD CT",SACRAMENTO,95841,CA,4,2,1766,Residential,2008-05-19,207000,38.6879,-121.329
426,"8165 AYN RAND CT",SACRAMENTO,95828,CA,4,3,1940,Residential,2008-05-19,208000,38.4686,-121.403
427,"9474 VILLAGE TREE DR","ELK GROVE",95758,CA,4,2,1776,Residential,2008-05-19,210000,38.4139,-121.408
428,"7213 CALVIN DR","CITRUS HEIGHTS",95621,CA,3,1,1258,Residential,2008-05-19,212000,38.6982,-121.298
429,"8167 DERBY PARK CT",SACRAMENTO,95828,CA,4,2,1872,Residential,2008-05-19,213675,38.4605,-121.373
430,"6344 LAGUNA MIRAGE LN","ELK GROVE",95758,CA,2,2,1112,Residential,2008-05-19,213697,38.424,-121.429
431,"2945 RED HAWK WAY",SACRAMENTO,95833,CA,4,2,1856,Residential,2008-05-19,215000,38.6197,-121.497
432,"3228 I ST",SACRAMENTO,95816,CA,4,3,1939,Residential,2008-05-19,215000,38.5738,-121.463
433,"308 ATKINSON ST",ROSEVILLE,95678,CA,3,1,998,Residential,2008-05-19,215100,38.7468,-121.3
434,"624 HOVEY WAY",ROSEVILLE,95678,CA,3,2,1758,Residential,2008-05-19,217500,38.7561,-121.306
435,"110 COPPER LEAF WAY",SACRAMENTO,95838,CA,3,2,2142,Residential,2008-05-19,218000,38.6585,-121.461
436,"7535 ALMA VISTA WAY",SACRAMENTO,95831,CA,2,1,950,Residential,2008-05-19,220000,38.484,-121.508
437,"7423 WILSALL CT","ELK GROVE",95758,CA,4,3,1739,Residential,2008-05-19,221000,38.417,-121.417
438,"8629 VIA ALTA WAY","ELK GROVE",95624,CA,3,2,1516,Residential,2008-05-19,222900,38.3982,-121.381
439,"3318 DAVIDSON DR",ANTELOPE,95843,CA,3,1,988,Residential,2008-05-19,223139,38.7058,-121.389
440,"913 COBDEN CT",GALT,95632,CA,4,2,1555,Residential,2008-05-19,225500,38.282,-121.296
441,"4419 79TH ST",SACRAMENTO,95820,CA,3,2,1212,Residential,2008-05-19,228327,38.5348,-121.413
442,"3012 SPOONWOOD WAY",SACRAMENTO,95833,CA,4,2,1871,Residential,2008-05-19,230000,38.6248,-121.523
443,"8728 CRYSTAL RIVER WAY",SACRAMENTO,95828,CA,3,2,1302,Residential,2008-05-19,230000,38.4755,-121.38
444,"4709 AMBER LN Unit 1",SACRAMENTO,95841,CA,2,1,756,Condo,2008-05-19,230522,38.6578,-121.355
445,"4508 OLD DAIRY DR",ANTELOPE,95843,CA,4,3,2026,Residential,2008-05-19,231200,38.7229,-121.359
446,"312 RIVER ISLE WAY",SACRAMENTO,95831,CA,3,2,1375,Residential,2008-05-19,232000,38.4903,-121.551
447,"301 OLIVADI WAY",SACRAMENTO,95834,CA,2,2,1250,Condo,2008-05-19,232500,38.6444,-121.549
448,"5636 25TH ST",SACRAMENTO,95822,CA,3,1,1058,Residential,2008-05-19,233641,38.5238,-121.481
449,"8721 SPRUCE RIDGE WAY",ANTELOPE,95843,CA,3,2,1187,Residential,2008-05-19,234000,38.7277,-121.391
450,"7461 WINDBRIDGE DR",SACRAMENTO,95831,CA,2,2,1324,Residential,2008-05-19,234500,38.488,-121.53
451,"8101 LEMON COVE CT",SACRAMENTO,95828,CA,4,3,1936,Residential,2008-05-19,235000,38.463,-121.408
452,"10949 SCOTSMAN WAY","RANCHO CORDOVA",95670,CA,5,4,2382,Multi-Family,2008-05-19,236000,38.6037,-121.278
453,"617 WILLOW CREEK DR",FOLSOM,95630,CA,3,2,1427,Residential,2008-05-19,236073,38.6796,-121.143
454,"3301 PARK DR Unit 1914",SACRAMENTO,95835,CA,3,2,1678,Condo,2008-05-19,238000,38.6653,-121.532
455,"709 CIMMARON CT",GALT,95632,CA,4,2,1798,Residential,2008-05-19,238861,38.2772,-121.304
456,"3305 RIO ROCA CT",ANTELOPE,95843,CA,4,3,2652,Residential,2008-05-19,239700,38.7251,-121.388
457,"9080 BEDROCK CT",SACRAMENTO,95829,CA,4,2,1816,Residential,2008-05-19,240000,38.4569,-121.363
458,"100 TOURMALINE CIR",SACRAMENTO,95834,CA,5,3,3076,Residential,2008-05-19,240000,38.6344,-121.511
459,"6411 RED BIRCH WAY","ELK GROVE",95758,CA,4,2,1844,Residential,2008-05-19,241000,38.4346,-121.429
460,"4867 LAGUNA DR",SACRAMENTO,95823,CA,3,2,1306,Residential,2008-05-19,245000,38.4618,-121.445
461,"3662 RIVER DR",SACRAMENTO,95833,CA,4,3,2447,Residential,2008-05-19,246000,38.605,-121.543
462,"6943 WOLFGRAM WAY",SACRAMENTO,95828,CA,4,2,1176,Residential,2008-05-19,247234,38.4892,-121.42
463,"77 RINETTI WAY","RIO LINDA",95673,CA,4,2,1182,Residential,2008-05-19,247480,38.687,-121.463
464,"1316 I ST","RIO LINDA",95673,CA,3,1,1160,Residential,2008-05-19,249862,38.6837,-121.435
465,"2130 CATHERWOOD WAY",SACRAMENTO,95835,CA,3,2,1424,Residential,2008-05-19,251000,38.6755,-121.511
466,"8304 JUGLANS DR",ORANGEVALE,95662,CA,4,2,1574,Residential,2008-05-19,252155,38.6918,-121.249
467,"5308 MARBURY WAY",ANTELOPE,95843,CA,3,2,1830,Residential,2008-05-19,254172,38.7102,-121.342
468,"9182 LAKEMONT DR","ELK GROVE",95624,CA,4,2,1724,Residential,2008-05-19,258000,38.4514,-121.359
469,"2231 COUNTRY VILLA CT",AUBURN,95603,CA,2,2,1255,Condo,2008-05-19,260000,38.9317,-121.098
470,"8491 CRYSTAL WALK CIR","ELK GROVE",95758,CA,0,0,0,Residential,2008-05-19,261000,38.4169,-121.408
471,"361 MAHONIA CIR",SACRAMENTO,95835,CA,4,3,2175,Residential,2008-05-19,261000,38.6762,-121.51
472,"3427 LA CADENA WAY",SACRAMENTO,95835,CA,4,2,1904,Residential,2008-05-19,261000,38.6812,-121.537
473,"955 BIG SUR CT","EL DORADO HILLS",95762,CA,4,2,1808,Residential,2008-05-19,262500,38.6643,-121.077
474,"11826 DIONYSUS WAY","RANCHO CORDOVA",95742,CA,4,2,2711,Residential,2008-05-19,266000,38.551,-121.239
475,"5847 DEL CAMPO LN",CARMICHAEL,95608,CA,3,1,1713,Residential,2008-05-19,266000,38.672,-121.324
476,"5635 FOXVIEW WAY","ELK GROVE",95757,CA,3,2,1457,Residential,2008-05-19,270000,38.3953,-121.438
477,"10372 VIA CINTA CT","ELK GROVE",95757,CA,4,3,2724,Residential,2008-05-19,274425,38.3801,-121.428
478,"6286 LONETREE BLVD",ROCKLIN,95765,CA,0,0,0,Residential,2008-05-19,274500,38.805,-121.294
479,"7744 SOUTHBREEZE DR",SACRAMENTO,95828,CA,3,2,1468,Residential,2008-05-19,275336,38.4769,-121.378
480,"2242 ABLE WAY",SACRAMENTO,95835,CA,4,3,2550,Residential,2008-05-19,277980,38.6661,-121.51
481,"1042 STARBROOK DR",GALT,95632,CA,4,2,1928,Residential,2008-05-19,280000,38.2856,-121.293
482,"1219 G ST",SACRAMENTO,95814,CA,3,3,1922,Residential,2008-05-19,284686,38.5828,-121.489
483,"6220 OPUS CT","CITRUS HEIGHTS",95621,CA,3,2,1343,Residential,2008-05-19,284893,38.7159,-121.317
484,"5419 HAVENHURST CIR",ROCKLIN,95677,CA,3,2,1510,Residential,2008-05-19,285000,38.7867,-121.21
485,"220 OLD AIRPORT RD",AUBURN,95603,CA,2,2,960,Multi-Family,2008-05-19,285000,38.9398,-121.055
486,"4622 MEYER WAY",CARMICHAEL,95608,CA,4,2,1559,Residential,2008-05-19,285000,38.6491,-121.311
487,"4885 SUMMIT VIEW DR","EL DORADO",95623,CA,3,2,1624,Residential,2008-05-19,289000,38.6733,-120.879
488,"26 JEANROSS CT",SACRAMENTO,95832,CA,5,3,2992,Residential,2008-05-19,295000,38.4732,-121.491
489,"4800 MAPLEPLAIN AVE","ELK GROVE",95758,CA,4,2,2109,Residential,2008-05-19,296000,38.4328,-121.449
490,"10629 BASIE WAY","RANCHO CORDOVA",95670,CA,4,2,1524,Residential,2008-05-19,296056,38.579,-121.293
491,"8612 WILLOW GROVE WAY",SACRAMENTO,95828,CA,3,2,1248,Residential,2008-05-19,297359,38.465,-121.387
492,"62 DE FER CIR",SACRAMENTO,95823,CA,4,2,1876,Residential,2008-05-19,299940,38.4925,-121.463
493,"2513 OLD KENMARE RD",LINCOLN,95648,CA,5,3,0,Residential,2008-05-19,304000,38.8474,-121.26
494,"3253 ABOTO WAY","RANCHO CORDOVA",95670,CA,4,3,1851,Residential,2008-05-19,305000,38.5773,-121.286
495,"3072 VILLAGE PLAZA DR",ROSEVILLE,95747,CA,0,0,0,Residential,2008-05-19,307000,38.7731,-121.366
496,"251 CHANGO CIR",SACRAMENTO,95835,CA,4,2,2218,Residential,2008-05-19,311328,38.6824,-121.539
497,"8205 WEYBURN CT",SACRAMENTO,95828,CA,3,2,1394,Residential,2008-05-19,313138,38.4732,-121.404
498,"8788 LA MARGARITA WAY",SACRAMENTO,95828,CA,3,2,1410,Residential,2008-05-19,316630,38.4682,-121.376
499,"5912 DEEPDALE WAY","ELK GROVE",95758,CA,5,3,3468,Residential,2008-05-19,320000,38.4396,-121.437
500,"4712 PISMO BEACH DR",ANTELOPE,95843,CA,5,3,2346,Residential,2008-05-19,320000,38.7077,-121.354
501,"4741 PACIFIC PARK DR",ANTELOPE,95843,CA,5,3,2347,Residential,2008-05-19,325000,38.7093,-121.353
502,"310 GROTH CIR",SACRAMENTO,95834,CA,4,2,1659,Residential,2008-05-19,328578,38.6388,-121.532
503,"6121 WILD FOX CT","ELK GROVE",95757,CA,3,3,2442,Residential,2008-05-19,331000,38.4068,-121.432
504,"12241 CANYONLANDS DR","RANCHO CORDOVA",95742,CA,0,0,0,Residential,2008-05-19,331500,38.5573,-121.218
505,"29 COOL FOUNTAIN CT",SACRAMENTO,95833,CA,4,2,2155,Residential,2008-05-19,340000,38.6069,-121.541
506,"907 RIO ROBLES AVE",SACRAMENTO,95838,CA,0,0,0,Residential,2008-05-19,344755,38.6648,-121.445
507,"8909 BILLFISH WAY",SACRAMENTO,95828,CA,3,2,1810,Residential,2008-05-19,345746,38.4754,-121.373
508,"6232 GUS WAY","ELK GROVE",95757,CA,4,2,2789,Residential,2008-05-19,351000,38.3881,-121.431
509,"200 OAKWILDE ST",GALT,95632,CA,4,2,1606,Residential,2008-05-19,353767,38.2535,-121.318
510,"1033 PARK STREAM DR",GALT,95632,CA,0,0,0,Residential,2008-05-19,355000,38.2878,-121.29
511,"200 ALLAIRE CIR",SACRAMENTO,95835,CA,4,2,2166,Residential,2008-05-19,356035,38.6832,-121.535
512,"1322 SUTTER WALK",SACRAMENTO,95816,CA,0,0,0,Condo,2008-05-19,360000,38.5381,-121.505
513,"5479 NICKMAN WAY",SACRAMENTO,95835,CA,4,2,1871,Residential,2008-05-19,360552,38.673,-121.503
514,"2103 BURBERRY WAY",SACRAMENTO,95835,CA,3,2,1800,Residential,2008-05-19,362305,38.6734,-121.509
515,"2450 SAN JOSE WAY",SACRAMENTO,95817,CA,3,1,1683,Residential,2008-05-19,365000,38.5536,-121.459
516,"7641 ROSEHALL DR",ROSEVILLE,95678,CA,3,2,0,Residential,2008-05-19,367554,38.7916,-121.286
517,"1336 LAYSAN TEAL DR",ROSEVILLE,95747,CA,0,0,0,Residential,2008-05-19,368500,38.7961,-121.32
518,"2802 BLACK OAK DR",ROCKLIN,95765,CA,2,2,1596,Residential,2008-05-19,370000,38.837,-121.232
519,"2113 FALL TRAIL CT",PLACERVILLE,95667,CA,4,2,0,Residential,2008-05-19,371086,38.7332,-120.748
520,"10112 LAMBEAU CT","ELK GROVE",95757,CA,3,2,1179,Residential,2008-05-19,378000,38.3903,-121.448
521,"6313 CASTRO VERDE WAY","ELK GROVE",95757,CA,0,0,0,Residential,2008-05-19,383000,38.3811,-121.429
522,"3622 CURTIS DR",SACRAMENTO,95818,CA,3,1,1639,Residential,2008-05-19,388000,38.5417,-121.48
523,"11817 OPAL RIDGE WAY","RANCHO CORDOVA",95742,CA,5,3,3281,Residential,2008-05-19,395100,38.5511,-121.237
524,"170 LAGOMARSINO WAY",SACRAMENTO,95819,CA,3,2,1697,Residential,2008-05-19,400000,38.5749,-121.436
525,"2743 DEAKIN PL","EL DORADO HILLS",95762,CA,3,2,0,Residential,2008-05-19,400000,38.6929,-121.074
526,"3361 ALDER CANYON WAY",ANTELOPE,95843,CA,4,3,2085,Residential,2008-05-19,408431,38.7276,-121.386
527,"2148 RANCH VIEW DR",ROCKLIN,95765,CA,0,0,0,Residential,2008-05-19,413000,38.8375,-121.289
528,"398 LINDLEY DR",SACRAMENTO,95815,CA,4,2,1744,Multi-Family,2008-05-19,416767,38.6224,-121.458
529,"3013 BRIDLEWOOD DR","EL DORADO HILLS",95762,CA,4,3,0,Residential,2008-05-19,420000,38.6755,-121.016
530,"169 BAURER CIR",FOLSOM,95630,CA,4,3,1939,Residential,2008-05-19,423000,38.667,-121.121
531,"2809 LOON CT","CAMERON PARK",95682,CA,4,2,0,Residential,2008-05-19,423000,38.6871,-121.005
532,"1315 KONDOS AVE",SACRAMENTO,95814,CA,2,3,1788,Residential,2008-05-19,427500,38.5719,-121.492
533,"4966 CHARTER RD",ROCKLIN,95765,CA,3,2,1691,Residential,2008-05-19,430922,38.8255,-121.255
534,"9516 LAGUNA LAKE WAY","ELK GROVE",95758,CA,4,2,2002,Residential,2008-05-19,445000,38.4113,-121.431
535,"5201 BLOSSOM RANCH DR","ELK GROVE",95757,CA,4,4,4303,Residential,2008-05-19,450000,38.3994,-121.444
536,"3027 PALMATE WAY",SACRAMENTO,95834,CA,5,3,4246,Residential,2008-05-19,452000,38.629,-121.529
537,"500 WINCHESTER CT",ROSEVILLE,95661,CA,3,2,2274,Residential,2008-05-19,470000,38.7399,-121.249
538,"5746 GELSTON WAY","EL DORADO HILLS",95762,CA,4,3,0,Residential,2008-05-19,471000,38.677,-121.034
539,"6935 ELM TREE LN",ORANGEVALE,95662,CA,4,4,3056,Residential,2008-05-19,475000,38.693,-121.233
540,"9605 GOLF COURSE LN","ELK GROVE",95758,CA,3,3,2503,Residential,2008-05-19,484500,38.4097,-121.446
541,"719 BAYWOOD CT","EL DORADO HILLS",95762,CA,5,3,0,Residential,2008-05-19,487500,38.6476,-121.078
542,"5954 TANUS CIR",ROCKLIN,95677,CA,3,3,0,Residential,2008-05-19,488750,38.7776,-121.204
543,"100 CHELSEA CT",FOLSOM,95630,CA,3,2,1905,Residential,2008-05-19,500000,38.6944,-121.177
544,"1500 ORANGE HILL LN",PENRYN,95663,CA,3,2,1320,Residential,2008-05-19,506688,38.8627,-121.162
545,"408 KIRKWOOD CT",LINCOLN,95648,CA,2,2,0,Residential,2008-05-19,512000,38.8616,-121.269
546,"1732 TUSCAN GROVE CIR",ROSEVILLE,95747,CA,5,3,0,Residential,2008-05-19,520000,38.7967,-121.343
547,"2049 EMPIRE MINE CIR","GOLD RIVER",95670,CA,4,2,3037,Residential,2008-05-19,528000,38.6293,-121.249
548,"9360 MAGOS RD",WILTON,95693,CA,5,2,3741,Residential,2008-05-19,579093,38.4168,-121.241
549,"104 CATLIN CT",FOLSOM,95630,CA,4,3,2660,Residential,2008-05-19,636000,38.6845,-121.146
550,"4734 GIBBONS DR",CARMICHAEL,95608,CA,4,3,3357,Residential,2008-05-19,668365,38.6356,-121.354
551,"4629 DORCHESTER LN","GRANITE BAY",95746,CA,5,3,2896,Residential,2008-05-19,676200,38.7235,-121.216
552,"2400 COUNTRYSIDE DR",PLACERVILLE,95667,CA,3,2,2025,Residential,2008-05-19,677048,38.7375,-120.911
553,"12901 FURLONG DR",WILTON,95693,CA,5,3,3788,Residential,2008-05-19,691659,38.4135,-121.188
554,"6222 CALLE MONTALVO CIR","GRANITE BAY",95746,CA,5,3,3670,Residential,2008-05-19,760000,38.7794,-121.147
555,"20 CRYSTALWOOD CIR",LINCOLN,95648,CA,0,0,0,Residential,2008-05-19,4897,38.8853,-121.289
556,"24 CRYSTALWOOD CIR",LINCOLN,95648,CA,0,0,0,Residential,2008-05-19,4897,38.8851,-121.289
557,"28 CRYSTALWOOD CIR",LINCOLN,95648,CA,0,0,0,Residential,2008-05-19,4897,38.8849,-121.289
558,"32 CRYSTALWOOD CIR",LINCOLN,95648,CA,0,0,0,Residential,2008-05-19,4897,38.8847,-121.289
559,"36 CRYSTALWOOD CIR",LINCOLN,95648,CA,0,0,0,Residential,2008-05-19,4897,38.8846,-121.289
560,"40 CRYSTALWOOD CIR",LINCOLN,95648,CA,0,0,0,Residential,2008-05-19,4897,38.8845,-121.29
561,"44 CRYSTALWOOD CIR",LINCOLN,95648,CA,0,0,0,Residential,2008-05-19,4897,38.8846,-121.29
562,"48 CRYSTALWOOD CIR",LINCOLN,95648,CA,0,0,0,Residential,2008-05-19,4897,38.8847,-121.29
563,"52 CRYSTALWOOD CIR",LINCOLN,95648,CA,0,0,0,Residential,2008-05-19,4897,38.8848,-121.29
564,"68 CRYSTALWOOD CIR",LINCOLN,95648,CA,0,0,0,Residential,2008-05-19,4897,38.8852,-121.29
565,"72 CRYSTALWOOD CIR",LINCOLN,95648,CA,0,0,0,Residential,2008-05-19,4897,38.8853,-121.29
566,"76 CRYSTALWOOD CIR",LINCOLN,95648,CA,0,0,0,Residential,2008-05-19,4897,38.8855,-121.29
567,"80 CRYSTALWOOD CIR",LINCOLN,95648,CA,0,0,0,Residential,2008-05-19,4897,38.8856,-121.29
568,"84 CRYSTALWOOD CIR",LINCOLN,95648,CA,0,0,0,Residential,2008-05-19,4897,38.8857,-121.29
569,"88 CRYSTALWOOD CIR",LINCOLN,95648,CA,0,0,0,Residential,2008-05-19,4897,38.8858,-121.29
570,"92 CRYSTALWOOD CIR",LINCOLN,95648,CA,0,0,0,Residential,2008-05-19,4897,38.8859,-121.29
571,"96 CRYSTALWOOD CIR",LINCOLN,95648,CA,0,0,0,Residential,2008-05-19,4897,38.886,-121.29
572,"100 CRYSTALWOOD CIR",LINCOLN,95648,CA,0,0,0,Residential,2008-05-19,4897,38.8861,-121.29
573,"434 1ST ST",LINCOLN,95648,CA,0,0,0,Residential,2008-05-19,4897,38.8865,-121.289
574,"3 E ST",LINCOLN,95648,CA,0,0,0,Residential,2008-05-19,4897,38.8847,-121.29
575,"11 E ST",LINCOLN,95648,CA,0,0,0,Residential,2008-05-19,4897,38.8849,-121.29
576,"19 E ST",LINCOLN,95648,CA,0,0,0,Residential,2008-05-19,4897,38.885,-121.29
577,"27 E ST",LINCOLN,95648,CA,0,0,0,Residential,2008-05-19,4897,38.8852,-121.29
578,"35 E ST",LINCOLN,95648,CA,0,0,0,Residential,2008-05-19,4897,38.8853,-121.29
579,"43 E ST",LINCOLN,95648,CA,0,0,0,Residential,2008-05-19,4897,38.8855,-121.29
580,"51 E ST",LINCOLN,95648,CA,4,2,0,Residential,2008-05-19,4897,38.8856,-121.29
581,"59 E ST",LINCOLN,95648,CA,3,2,0,Residential,2008-05-19,4897,38.8858,-121.29
582,"75 E ST",LINCOLN,95648,CA,3,2,0,Residential,2008-05-19,4897,38.8861,-121.29
583,"63 CRYSTALWOOD CIR",LINCOLN,95648,CA,0,0,0,Residential,2008-05-19,4897,38.8851,-121.29
584,"398 1ST ST",LINCOLN,95648,CA,0,0,0,Residential,2008-05-19,4897,38.8865,-121.289
585,"386 1ST ST",LINCOLN,95648,CA,0,0,0,Residential,2008-05-19,4897,38.8865,-121.289
586,"374 1ST ST",LINCOLN,95648,CA,0,0,0,Residential,2008-05-19,4897,38.8865,-121.289
587,"116 CRYSTALWOOD WAY",LINCOLN,95648,CA,0,0,0,Residential,2008-05-19,4897,38.8863,-121.29
588,"108 CRYSTALWOOD WAY",LINCOLN,95648,CA,0,0,0,Residential,2008-05-19,4897,38.8863,-121.29
589,"100 CRYSTALWOOD WAY",LINCOLN,95648,CA,0,0,0,Residential,2008-05-19,4897,38.8863,-121.29
590,"55 CRYSTALWOOD CIR",LINCOLN,95648,CA,0,0,0,Residential,2008-05-19,4897,38.8849,-121.29
591,"51 CRYSTALWOOD CIR",LINCOLN,95648,CA,0,0,0,Residential,2008-05-19,4897,38.8848,-121.29
592,"47 CRYSTALWOOD CIR",LINCOLN,95648,CA,0,0,0,Residential,2008-05-19,4897,38.8846,-121.29
593,"43 CRYSTALWOOD CIR",LINCOLN,95648,CA,0,0,0,Residential,2008-05-19,4897,38.8846,-121.29
594,"39 CRYSTALWOOD CIR",LINCOLN,95648,CA,0,0,0,Residential,2008-05-19,4897,38.8845,-121.29
595,"35 CRYSTALWOOD CIR",LINCOLN,95648,CA,0,0,0,Residential,2008-05-19,4897,38.8846,-121.289
596,"31 CRYSTALWOOD CIR",LINCOLN,95648,CA,0,0,0,Residential,2008-05-19,4897,38.8848,-121.289
597,"27 CRYSTALWOOD CIR",LINCOLN,95648,CA,0,0,0,Residential,2008-05-19,4897,38.885,-121.289
598,"23 CRYSTALWOOD CIR",LINCOLN,95648,CA,0,0,0,Residential,2008-05-19,4897,38.8852,-121.289
599,"19 CRYSTALWOOD CIR",LINCOLN,95648,CA,0,0,0,Residential,2008-05-19,4897,38.8854,-121.289
600,"15 CRYSTALWOOD CIR",LINCOLN,95648,CA,0,0,0,Residential,2008-05-19,4897,38.8856,-121.289
601,"7 CRYSTALWOOD CIR",LINCOLN,95648,CA,0,0,0,Residential,2008-05-19,4897,38.886,-121.289
602,"7 CRYSTALWOOD CIR",LINCOLN,95648,CA,0,0,0,Residential,2008-05-19,4897,38.886,-121.289
603,"3 CRYSTALWOOD CIR",LINCOLN,95648,CA,0,0,0,Residential,2008-05-19,4897,38.8861,-121.29
604,"8208 WOODYARD WAY","CITRUS HEIGHTS",95621,CA,3,2,1166,Residential,2008-05-16,30000,38.7153,-121.315
605,"113 RINETTI WAY","RIO LINDA",95673,CA,0,0,0,Residential,2008-05-16,30000,38.6872,-121.464
606,"15 LOORZ CT",SACRAMENTO,95823,CA,2,1,838,Residential,2008-05-16,55422,38.4716,-121.435
607,"5805 DOTMAR WAY","NORTH HIGHLANDS",95660,CA,2,1,904,Residential,2008-05-16,63000,38.6726,-121.38
608,"2332 CAMBRIDGE ST",SACRAMENTO,95815,CA,2,1,1032,Residential,2008-05-16,65000,38.6081,-121.45
609,"3812 BELDEN ST",SACRAMENTO,95838,CA,2,1,904,Residential,2008-05-16,65000,38.6368,-121.442
610,"3348 40TH ST",SACRAMENTO,95817,CA,2,1,1080,Residential,2008-05-16,65000,38.5442,-121.461
611,"127 QUASAR CIR",SACRAMENTO,95822,CA,2,2,990,Residential,2008-05-16,66500,38.4935,-121.475
612,"3812 CYPRESS ST",SACRAMENTO,95838,CA,2,1,900,Residential,2008-05-16,71000,38.6369,-121.445
613,"5821 64TH ST",SACRAMENTO,95824,CA,2,1,861,Residential,2008-05-16,75000,38.5212,-121.428
614,"8248 CENTER PKWY",SACRAMENTO,95823,CA,2,1,906,Condo,2008-05-16,77000,38.459,-121.429
615,"1171 SONOMA AVE",SACRAMENTO,95815,CA,2,1,1011,Residential,2008-05-16,85000,38.6238,-121.44
616,"4250 ARDWELL WAY",SACRAMENTO,95823,CA,3,2,1089,Residential,2008-05-16,95625,38.4669,-121.456
617,"3104 CLAY ST",SACRAMENTO,95815,CA,2,1,832,Residential,2008-05-16,96140,38.6239,-121.439
618,"6063 LAND PARK DR",SACRAMENTO,95822,CA,2,1,800,Condo,2008-05-16,104250,38.517,-121.514
619,"4738 OAKHOLLOW DR",SACRAMENTO,95842,CA,4,2,1292,Residential,2008-05-16,105000,38.6796,-121.356
620,"1401 STERLING ST",SACRAMENTO,95822,CA,2,1,810,Residential,2008-05-16,108000,38.5203,-121.505
621,"3715 DIDCOT CIR",SACRAMENTO,95838,CA,4,2,1064,Residential,2008-05-16,109000,38.6352,-121.46
622,"2426 RASHAWN DR","RANCHO CORDOVA",95670,CA,2,1,911,Residential,2008-05-16,115000,38.6109,-121.273
623,"4800 WESTLAKE PKWY Unit 410",SACRAMENTO,95835,CA,1,1,846,Condo,2008-05-16,115000,38.6588,-121.542
624,"3409 VIRGO ST",SACRAMENTO,95827,CA,3,2,1320,Residential,2008-05-16,115500,38.5634,-121.328
625,"1110 PINEDALE AVE",SACRAMENTO,95838,CA,3,2,1410,Residential,2008-05-16,115620,38.6602,-121.44
626,"2361 LA LOMA DR","RANCHO CORDOVA",95670,CA,3,2,1115,Residential,2008-05-16,116000,38.5937,-121.316
627,"1455 64TH AVE",SACRAMENTO,95822,CA,3,2,1169,Residential,2008-05-16,122000,38.4922,-121.503
628,"7328 SPRINGMAN ST",SACRAMENTO,95822,CA,3,2,1164,Residential,2008-05-16,122500,38.492,-121.478
629,"119 SAINT MARIE CIR",SACRAMENTO,95823,CA,4,2,1341,Residential,2008-05-16,123000,38.4815,-121.447
630,"12 COSTA BRASE CT",SACRAMENTO,95838,CA,3,2,1219,Residential,2008-05-16,124000,38.6556,-121.464
631,"6813 SCOTER WAY",SACRAMENTO,95842,CA,4,2,1127,Residential,2008-05-16,124000,38.6904,-121.361
632,"6548 GRAYLOCK LN","NORTH HIGHLANDS",95660,CA,3,2,1272,Residential,2008-05-16,124413,38.6861,-121.37
633,"1630 GLIDDEN AVE",SACRAMENTO,95822,CA,4,2,1253,Residential,2008-05-16,125000,38.4827,-121.5
634,"7825 DALEWOODS WAY",SACRAMENTO,95828,CA,3,2,1120,Residential,2008-05-16,130000,38.4773,-121.412
635,"4073 TRESLER AVE","NORTH HIGHLANDS",95660,CA,2,2,1118,Residential,2008-05-16,131750,38.659,-121.37
636,"4288 DYMIC WAY",SACRAMENTO,95838,CA,4,3,1890,Residential,2008-05-16,137721,38.6465,-121.441
637,"1158 SAN IGNACIO WAY",SACRAMENTO,95833,CA,3,2,1260,Residential,2008-05-16,137760,38.623,-121.486
638,"4904 J PKWY",SACRAMENTO,95823,CA,3,2,1400,Residential,2008-05-16,138000,38.4873,-121.443
639,"2931 HOWE AVE",SACRAMENTO,95821,CA,3,1,1264,Residential,2008-05-16,140000,38.619,-121.415
640,"5531 JANSEN DR",SACRAMENTO,95824,CA,3,1,1060,Residential,2008-05-16,145000,38.522,-121.439
641,"7836 ORCHARD WOODS CIR",SACRAMENTO,95828,CA,2,2,1132,Residential,2008-05-16,145000,38.4795,-121.411
642,"4055 DEERBROOK DR",SACRAMENTO,95823,CA,3,2,1466,Residential,2008-05-16,150000,38.4721,-121.46
643,"9937 BURLINE ST",SACRAMENTO,95827,CA,3,2,1092,Residential,2008-05-16,150000,38.5596,-121.323
644,"6948 MIRADOR WAY",SACRAMENTO,95828,CA,4,2,1628,Residential,2008-05-16,151000,38.4935,-121.42
645,"4909 RUGER CT",SACRAMENTO,95842,CA,3,2,960,Residential,2008-05-16,155000,38.6875,-121.349
646,"7204 KERSTEN ST","CITRUS HEIGHTS",95621,CA,3,2,1075,Residential,2008-05-16,155800,38.6959,-121.301
647,"3150 ROSEMONT DR",SACRAMENTO,95826,CA,3,2,1428,Residential,2008-05-16,156142,38.5549,-121.355
648,"8200 STEINBECK WAY",SACRAMENTO,95828,CA,4,2,1358,Residential,2008-05-16,158000,38.4749,-121.405
649,"8198 STEVENSON AVE",SACRAMENTO,95828,CA,6,4,2475,Multi-Family,2008-05-16,159900,38.4653,-121.404
650,"6824 OLIVE TREE WAY","CITRUS HEIGHTS",95610,CA,3,2,1410,Residential,2008-05-16,160000,38.6892,-121.268
651,"3536 SUN MAIDEN WAY",ANTELOPE,95843,CA,3,2,1711,Residential,2008-05-16,161500,38.7097,-121.382
652,"4517 OLYMPIAD WAY",SACRAMENTO,95826,CA,4,2,1483,Residential,2008-05-16,161600,38.5368,-121.359
653,"925 COBDEN CT",GALT,95632,CA,3,2,1140,Residential,2008-05-16,162000,38.282,-121.296
654,"8225 SCOTTSDALE DR",SACRAMENTO,95828,CA,4,2,1549,Residential,2008-05-16,165000,38.4879,-121.402
655,"8758 LEMAS RD",SACRAMENTO,95828,CA,3,2,1410,Residential,2008-05-16,165000,38.4675,-121.377
656,"6121 ALPINESPRING WAY","ELK GROVE",95758,CA,3,2,1240,Residential,2008-05-16,167293,38.4341,-121.433
657,"5937 YORK GLEN WAY",SACRAMENTO,95842,CA,5,2,1712,Residential,2008-05-16,168000,38.677,-121.354
658,"6417 SUNNYFIELD WAY",SACRAMENTO,95823,CA,4,2,1580,Residential,2008-05-16,168000,38.4492,-121.428
659,"4008 GREY LIVERY WAY",ANTELOPE,95843,CA,3,2,1669,Residential,2008-05-16,168750,38.7185,-121.371
660,"8920 ROSETTA CIR",SACRAMENTO,95826,CA,3,1,1029,Residential,2008-05-16,168750,38.5444,-121.371
661,"8300 LICHEN DR","CITRUS HEIGHTS",95621,CA,3,1,1103,Residential,2008-05-16,170000,38.7164,-121.306
662,"8884 AMBERJACK WAY",SACRAMENTO,95828,CA,3,2,2161,Residential,2008-05-16,170250,38.4793,-121.373
663,"4480 VALLEY HI DR",SACRAMENTO,95823,CA,3,2,1650,Residential,2008-05-16,173000,38.4668,-121.451
664,"2250 FOREBAY RD","POLLOCK PINES",95726,CA,3,1,1320,Residential,2008-05-16,175000,38.7749,-120.598
665,"3529 FABERGE WAY",SACRAMENTO,95826,CA,3,2,1200,Residential,2008-05-16,176095,38.5533,-121.346
666,"1792 DAWNELLE WAY",SACRAMENTO,95835,CA,3,2,1170,Residential,2008-05-16,176250,38.6827,-121.502
667,"7800 TABARE CT","CITRUS HEIGHTS",95621,CA,3,2,1199,Residential,2008-05-16,178000,38.708,-121.303
668,"8531 HERMITAGE WAY",SACRAMENTO,95823,CA,4,2,1695,Residential,2008-05-16,179000,38.4485,-121.429
669,"2421 BERRYWOOD DR","RANCHO CORDOVA",95670,CA,3,2,1157,Residential,2008-05-16,180000,38.6087,-121.278
670,"1005 MORENO WAY",SACRAMENTO,95838,CA,3,2,1410,Residential,2008-05-16,180000,38.6462,-121.443
671,"1675 VERNON ST Unit 24",ROSEVILLE,95678,CA,3,2,1174,Residential,2008-05-16,180000,38.7341,-121.3
672,"24 WINDCHIME CT",SACRAMENTO,95823,CA,3,2,1593,Residential,2008-05-16,181000,38.4462,-121.428
673,"540 HARLING CT","RIO LINDA",95673,CA,3,2,1093,Residential,2008-05-16,182000,38.6828,-121.454
674,"1207 CRESCENDO DR",ROSEVILLE,95678,CA,3,2,1770,Residential,2008-05-16,182587,38.7245,-121.293
675,"7577 EDDYLEE WAY",SACRAMENTO,95822,CA,4,2,1436,Residential,2008-05-16,185074,38.4829,-121.492
676,"8369 FOPPIANO WAY",SACRAMENTO,95829,CA,3,2,1124,Residential,2008-05-16,185833,38.4538,-121.358
677,"8817 SAWTELLE WAY",SACRAMENTO,95826,CA,4,2,1139,Residential,2008-05-16,186785,38.5653,-121.374
678,"1910 BONAVISTA WAY",SACRAMENTO,95832,CA,3,2,1638,Residential,2008-05-16,187000,38.476,-121.495
679,"8 TIDE CT",SACRAMENTO,95833,CA,3,2,1328,Residential,2008-05-16,188335,38.6099,-121.492
680,"8952 ROCKY CREEK CT","ELK GROVE",95758,CA,3,2,1273,Residential,2008-05-16,190000,38.4312,-121.44
681,"435 EXCHANGE ST",SACRAMENTO,95838,CA,3,1,1082,Residential,2008-05-16,190000,38.6594,-121.455
682,"10105 MONTE VALLO CT",SACRAMENTO,95827,CA,4,2,1578,Residential,2008-05-16,190000,38.5739,-121.317
683,"3930 ANNABELLE AVE",ROSEVILLE,95661,CA,2,1,796,Residential,2008-05-16,190000,38.7276,-121.226
684,"4854 TANGERINE AVE",SACRAMENTO,95823,CA,3,2,1386,Residential,2008-05-16,191250,38.4782,-121.446
685,"2909 SHAWN WAY","RANCHO CORDOVA",95670,CA,3,2,1452,Residential,2008-05-16,193000,38.5899,-121.299
686,"4290 BLACKFORD WAY",SACRAMENTO,95823,CA,3,2,1513,Residential,2008-05-16,193500,38.4705,-121.454
687,"5890 TT TRAK",FORESTHILL,95631,CA,0,0,0,Residential,2008-05-16,194818,39.0208,-120.822
688,"7015 WOODSIDE DR",SACRAMENTO,95842,CA,4,2,1578,Residential,2008-05-16,195000,38.6931,-121.332
689,"6019 CHESHIRE WAY","CITRUS HEIGHTS",95610,CA,4,3,1736,Residential,2008-05-16,195000,38.6764,-121.279
690,"3330 VILLAGE CT","CAMERON PARK",95682,CA,2,2,0,Residential,2008-05-16,195000,38.6905,-120.996
691,"2561 VERNA WAY",SACRAMENTO,95821,CA,3,1,1473,Residential,2008-05-16,195000,38.6111,-121.37
692,"3522 22ND AVE",SACRAMENTO,95820,CA,3,1,1150,Residential,2008-05-16,198000,38.5327,-121.469
693,"2880 CANDIDO DR",SACRAMENTO,95833,CA,3,2,1127,Residential,2008-05-16,199900,38.618,-121.51
694,"6908 PIN OAK CT","FAIR OAKS",95628,CA,3,1,1144,Residential,2008-05-16,200000,38.6642,-121.304
695,"5733 ANGELINA AVE",CARMICHAEL,95608,CA,3,1,972,Residential,2008-05-16,201000,38.6226,-121.331
696,"7849 BONNY DOWNS WAY","ELK GROVE",95758,CA,4,2,2306,Residential,2008-05-16,204918,38.4214,-121.411
697,"8716 LONGSPUR WAY",ANTELOPE,95843,CA,3,2,1479,Residential,2008-05-16,205000,38.7241,-121.358
698,"6320 EL DORADO ST","EL DORADO",95623,CA,2,1,1040,Residential,2008-05-16,205000,38.6788,-120.844
699,"2328 DOROTHY JUNE WAY",SACRAMENTO,95838,CA,3,2,1430,Residential,2008-05-16,205878,38.6417,-121.413
700,"1986 DANVERS WAY",SACRAMENTO,95832,CA,4,2,1800,Residential,2008-05-16,207000,38.4772,-121.493
701,"7901 GAZELLE TRAIL WAY",ANTELOPE,95843,CA,4,2,1953,Residential,2008-05-16,207744,38.7117,-121.343
702,"6080 BRIDGECROSS DR",SACRAMENTO,95835,CA,3,2,1120,Residential,2008-05-16,209000,38.682,-121.505
703,"20 GROTH CIR",SACRAMENTO,95834,CA,3,2,1232,Residential,2008-05-16,210000,38.6408,-121.534
704,"1900 DANBROOK DR",SACRAMENTO,95835,CA,1,1,984,Condo,2008-05-16,210944,38.6684,-121.503
705,"140 VENTO CT",ROSEVILLE,95678,CA,3,2,0,Condo,2008-05-16,212500,38.7935,-121.29
706,"8442 KEUSMAN ST","ELK GROVE",95758,CA,4,2,2329,Residential,2008-05-16,213750,38.4496,-121.415
707,"9552 SUNLIGHT LN","ELK GROVE",95758,CA,3,2,1351,Residential,2008-05-16,215000,38.4106,-121.404
708,"2733 YUMA CT","CAMERON PARK",95682,CA,2,2,0,Residential,2008-05-16,215000,38.6912,-120.995
709,"1407 TIFFANY CIR",ROSEVILLE,95661,CA,4,1,1376,Residential,2008-05-16,215000,38.7364,-121.266
710,"636 CRESTVIEW DR","DIAMOND SPRINGS",95619,CA,3,2,1300,Residential,2008-05-16,216033,38.6883,-120.81
711,"1528 HESKET WAY",SACRAMENTO,95825,CA,4,2,1566,Residential,2008-05-16,220000,38.5936,-121.404
712,"2327 32ND ST",SACRAMENTO,95817,CA,2,1,1115,Residential,2008-05-16,220000,38.5574,-121.47
713,"1833 2ND AVE",SACRAMENTO,95818,CA,2,1,1032,Residential,2008-05-16,220000,38.5568,-121.491
714,"7252 CARRIAGE DR","CITRUS HEIGHTS",95621,CA,4,2,1419,Residential,2008-05-16,220000,38.6981,-121.295
715,"9815 PASO FINO WAY","ELK GROVE",95757,CA,3,2,1261,Residential,2008-05-16,220000,38.4049,-121.444
716,"5532 ENGLE RD",CARMICHAEL,95608,CA,2,2,1637,Residential,2008-05-16,220702,38.6317,-121.335
717,"1139 CLINTON RD",SACRAMENTO,95825,CA,4,2,1776,Multi-Family,2008-05-16,221250,38.5853,-121.407
718,"9176 SAGE GLEN WAY","ELK GROVE",95758,CA,3,2,1338,Residential,2008-05-16,222000,38.4239,-121.439
719,"9967 HATHERTON WAY","ELK GROVE",95757,CA,0,0,0,Residential,2008-05-16,222500,38.3052,-121.403
720,"9264 BOULDER RIVER WAY","ELK GROVE",95624,CA,5,2,2254,Residential,2008-05-16,222750,38.4217,-121.345
721,"320 GROTH CIR",SACRAMENTO,95834,CA,3,2,1441,Residential,2008-05-16,225000,38.6389,-121.532
722,"137 GUNNISON AVE",SACRAMENTO,95838,CA,4,2,1991,Residential,2008-05-16,225000,38.6507,-121.466
723,"8209 RIVALLO WAY",SACRAMENTO,95829,CA,4,3,2126,Residential,2008-05-16,228750,38.4595,-121.35
724,"8637 PERIWINKLE CIR","ELK GROVE",95624,CA,3,2,1094,Residential,2008-05-16,229000,38.4432,-121.364
725,"3425 MEADOW WAY",ROCKLIN,95677,CA,3,2,1462,Residential,2008-05-16,230095,38.798,-121.235
726,"107 JARVIS CIR",SACRAMENTO,95834,CA,5,3,2258,Residential,2008-05-16,232500,38.6399,-121.538
727,"2319 THORES ST","RANCHO CORDOVA",95670,CA,3,2,1074,Residential,2008-05-16,233000,38.5967,-121.313
728,"8935 MOUNTAIN HOME CT","ELK GROVE",95624,CA,4,2,2111,Residential,2008-05-16,233500,38.3875,-121.37
729,"2566 SERENATA WAY",SACRAMENTO,95835,CA,3,2,1686,Residential,2008-05-16,239000,38.6716,-121.521
730,"4085 COUNTRY DR",ANTELOPE,95843,CA,4,3,1915,Residential,2008-05-16,240000,38.7062,-121.37
731,"9297 TROUT WAY","ELK GROVE",95624,CA,4,2,2367,Residential,2008-05-16,240000,38.4206,-121.376
732,"7 ARCHIBALD CT",SACRAMENTO,95823,CA,3,2,1962,Residential,2008-05-16,240971,38.4433,-121.435
733,"11130 EEL RIVER CT","RANCHO CORDOVA",95670,CA,2,2,1406,Residential,2008-05-16,242000,38.6259,-121.272
734,"8323 REDBANK WAY",SACRAMENTO,95829,CA,3,2,1789,Residential,2008-05-16,243450,38.4558,-121.349
735,"16 BRONCO CREEK CT",SACRAMENTO,95835,CA,4,2,1876,Residential,2008-05-16,243500,38.6742,-121.525
736,"8316 NORTHAM DR",ANTELOPE,95843,CA,3,2,1235,Residential,2008-05-16,246544,38.7208,-121.377
737,"4240 WINJE DR",ANTELOPE,95843,CA,4,2,2504,Residential,2008-05-16,246750,38.7088,-121.36
738,"3569 SODA WAY",SACRAMENTO,95834,CA,0,0,0,Residential,2008-05-16,247000,38.6311,-121.502
739,"5118 ROBANDER ST",CARMICHAEL,95608,CA,3,2,1676,Residential,2008-05-16,247000,38.6573,-121.31
740,"5976 KYLENCH CT","CITRUS HEIGHTS",95621,CA,3,2,1367,Residential,2008-05-16,249000,38.709,-121.325
741,"9247 DELAIR WAY","ELK GROVE",95758,CA,4,3,1899,Residential,2008-05-16,249000,38.4222,-121.458
742,"9054 DESCENDANT DR","ELK GROVE",95758,CA,3,2,1636,Residential,2008-05-16,250000,38.4289,-121.416
743,"3450 WHITNOR CT",SACRAMENTO,95821,CA,3,2,1828,Residential,2008-05-16,250000,38.6277,-121.37
744,"6288 LONETREE BLVD",ROCKLIN,95765,CA,0,0,0,Residential,2008-05-16,250000,38.805,-121.294
745,"9355 MATADOR WAY",SACRAMENTO,95826,CA,4,2,1438,Residential,2008-05-16,252000,38.5556,-121.351
746,"8671 SUMMER SUN WAY","ELK GROVE",95624,CA,3,2,1451,Residential,2008-05-16,255000,38.4428,-121.373
747,"1890 GENEVA PL",SACRAMENTO,95825,CA,3,1,1520,Residential,2008-05-16,255000,38.5994,-121.4
748,"1813 AVENIDA MARTINA",ROSEVILLE,95747,CA,3,2,1506,Residential,2008-05-16,255000,38.7766,-121.34
749,"191 BARNHART CIR",SACRAMENTO,95835,CA,4,2,2605,Residential,2008-05-16,257200,38.6756,-121.516
750,"6221 GREEN TOP WAY",ORANGEVALE,95662,CA,3,2,1196,Residential,2008-05-16,260000,38.6794,-121.219
751,"2298 PRIMROSE LN",LINCOLN,95648,CA,3,2,1621,Residential,2008-05-16,260000,38.8992,-121.323
752,"5635 LOS PUEBLOS WAY",SACRAMENTO,95835,CA,3,2,1811,Residential,2008-05-16,263500,38.6792,-121.538
753,"10165 LOFTON WAY","ELK GROVE",95757,CA,3,2,1540,Residential,2008-05-16,266510,38.3877,-121.437
754,"1251 GREEN RAVINE DR",LINCOLN,95648,CA,4,2,0,Residential,2008-05-16,267750,38.8816,-121.301
755,"6001 SHOO FLY RD",PLACERVILLE,95667,CA,0,0,0,Residential,2008-05-16,270000,38.8135,-120.809
756,"3040 PARKHAM DR",ROSEVILLE,95747,CA,0,0,0,Residential,2008-05-16,271000,38.7708,-121.367
757,"2674 TAM O SHANTER DR","EL DORADO HILLS",95762,CA,4,2,0,Residential,2008-05-16,272700,38.6958,-121.079
758,"6007 MARYBELLE LN","SHINGLE SPRINGS",95682,CA,0,0,0,Unkown,2008-05-16,275000,38.6435,-120.888
759,"9949 NESTLING CIR","ELK GROVE",95757,CA,3,2,1543,Residential,2008-05-16,275000,38.3975,-121.468
760,"2915 HOLDREGE WAY",SACRAMENTO,95835,CA,5,3,2494,Residential,2008-05-16,276000,38.6637,-121.526
761,"2678 BRIARTON DR",LINCOLN,95648,CA,3,2,1650,Residential,2008-05-16,276500,38.8441,-121.275
762,"294 SPARROW DR",GALT,95632,CA,4,3,2214,Residential,2008-05-16,278000,38.259,-121.321
763,"2987 DIORITE WAY",SACRAMENTO,95835,CA,5,3,2280,Residential,2008-05-16,279000,38.6673,-121.528
764,"6326 APPIAN WAY",CARMICHAEL,95608,CA,3,2,1443,Residential,2008-05-16,280000,38.6627,-121.317
765,"6905 COBALT WAY","CITRUS HEIGHTS",95621,CA,4,2,1582,Residential,2008-05-16,280000,38.6914,-121.305
766,"8986 HAFLINGER WAY","ELK GROVE",95757,CA,3,2,1857,Residential,2008-05-16,285000,38.3979,-121.45
767,"2916 BABSON DR","ELK GROVE",95758,CA,3,2,1735,Residential,2008-05-16,288000,38.4172,-121.474
768,"10133 NEBBIOLO CT","ELK GROVE",95624,CA,4,3,2096,Residential,2008-05-16,289000,38.3911,-121.347
769,"1103 COMMONS DR",SACRAMENTO,95825,CA,3,2,1720,Residential,2008-05-16,290000,38.5679,-121.411
770,"4636 TEAL BAY CT",ANTELOPE,95843,CA,4,2,2160,Residential,2008-05-16,290000,38.7046,-121.355
771,"1524 YOUNGS AVE",SACRAMENTO,95838,CA,4,2,1382,Residential,2008-05-16,293996,38.6449,-121.431
772,"865 CONRAD CT",PLACERVILLE,95667,CA,3,2,0,Residential,2008-05-16,294000,38.73,-120.802
773,"8463 TERRACOTTA CT","ELK GROVE",95624,CA,4,2,1721,Residential,2008-05-16,294173,38.4505,-121.363
774,"5747 KING RD",LOOMIS,95650,CA,4,2,1328,Residential,2008-05-16,295000,38.8251,-121.198
775,"8253 KEEGAN WAY","ELK GROVE",95624,CA,0,0,0,Residential,2008-05-16,298000,38.4463,-121.401
776,"9204 TROUT WAY","ELK GROVE",95624,CA,4,2,1982,Residential,2008-05-16,298000,38.4222,-121.376
777,"1828 2ND AVE",SACRAMENTO,95818,CA,2,1,1144,Residential,2008-05-16,299000,38.5568,-121.491
778,"1113 COMMONS DR",SACRAMENTO,95825,CA,2,2,1623,Residential,2008-05-16,300000,38.5678,-121.411
779,"2341 BIG STRIKE TRL",COOL,95614,CA,3,2,1457,Residential,2008-05-16,300000,38.9059,-120.975
780,"9452 RED SPRUCE WAY","ELK GROVE",95624,CA,6,3,2555,Residential,2008-05-16,300000,38.4045,-121.347
781,"5776 TERRACE DR",ROCKLIN,95765,CA,3,2,1577,Residential,2008-05-16,300567,38.8005,-121.261
782,"5908 MCLEAN DR","ELK GROVE",95757,CA,5,3,2592,Residential,2008-05-16,303000,38.3891,-121.434
783,"8215 PEREGRINE WAY","CITRUS HEIGHTS",95610,CA,3,2,1401,Residential,2008-05-16,305000,38.7155,-121.263
784,"1104 HILLSDALE LN",LINCOLN,95648,CA,4,2,0,Residential,2008-05-16,306000,38.865,-121.323
785,"2949 PANAMA AVE",CARMICHAEL,95608,CA,3,2,1502,Residential,2008-05-16,310000,38.6184,-121.326
786,"1356 HARTLEY WAY",FOLSOM,95630,CA,3,2,1327,Residential,2008-05-16,310000,38.6516,-121.132
787,"633 HANISCH DR",ROSEVILLE,95678,CA,4,3,1800,Residential,2008-05-16,310000,38.7635,-121.276
788,"63 ANGEL ISLAND CIR",SACRAMENTO,95831,CA,4,2,2169,Residential,2008-05-16,311518,38.4904,-121.548
789,"1571 WILD OAK LN",LINCOLN,95648,CA,5,3,2457,Residential,2008-05-16,312000,38.8441,-121.274
790,"5222 COPPER SUNSET WAY","RANCHO CORDOVA",95742,CA,0,0,0,Residential,2008-05-16,313000,38.5292,-121.225
791,"5601 SPINDRIFT LN",ORANGEVALE,95662,CA,4,2,2004,Residential,2008-05-16,315000,38.6683,-121.192
792,"652 FIFTEEN MILE DR",ROSEVILLE,95678,CA,4,3,2212,Residential,2008-05-16,315000,38.7759,-121.299
793,"7921 DOE TRAIL WAY",ANTELOPE,95843,CA,5,3,3134,Residential,2008-05-16,315000,38.7119,-121.344
794,"4204 LUSK DR",SACRAMENTO,95864,CA,3,2,1360,Residential,2008-05-16,315000,38.6066,-121.368
795,"5321 DELTA DR",ROCKLIN,95765,CA,4,2,0,Residential,2008-05-16,315000,38.8155,-121.263
796,"5608 ROSEDALE WAY",SACRAMENTO,95822,CA,3,2,1276,Residential,2008-05-16,320000,38.5251,-121.519
797,"3372 BERETANIA WAY",SACRAMENTO,95834,CA,4,3,2962,Residential,2008-05-16,322000,38.6498,-121.534
798,"2422 STEFANIE DR",ROCKLIN,95765,CA,4,2,1888,Residential,2008-05-16,325000,38.8227,-121.264
799,"3232 PARKHAM DR",ROSEVILLE,95747,CA,0,0,0,Residential,2008-05-16,325500,38.7728,-121.365
800,"448 ELMWOOD CT",ROSEVILLE,95678,CA,3,2,0,Residential,2008-05-16,326951,38.7719,-121.304
801,"1214 DAWNWOOD DR",GALT,95632,CA,3,2,1548,Residential,2008-05-16,328370,38.2901,-121.286
802,"1440 EMERALD LN",LINCOLN,95648,CA,2,2,0,Residential,2008-05-16,330000,38.8619,-121.267
803,"3349 CORVINA DR","RANCHO CORDOVA",95670,CA,4,3,2109,Residential,2008-05-16,330000,38.5805,-121.279
804,"10254 JULIANA WAY",SACRAMENTO,95827,CA,4,2,2484,Residential,2008-05-16,331200,38.568,-121.31
805,"149 OPUS CIR",SACRAMENTO,95834,CA,4,3,2258,Residential,2008-05-16,332000,38.6354,-121.535
806,"580 REGENCY PARK CIR",SACRAMENTO,95835,CA,3,3,2212,Residential,2008-05-16,334000,38.6749,-121.496
807,"5544 CAMAS CT",ORANGEVALE,95662,CA,3,2,1616,Residential,2008-05-16,335000,38.6677,-121.209
808,"5102 ARCHCREST WAY",SACRAMENTO,95835,CA,4,2,2372,Residential,2008-05-16,341000,38.6684,-121.495
809,"5725 BALFOR RD",ROCKLIN,95765,CA,5,3,2606,Residential,2008-05-16,346375,38.8078,-121.27
810,"7697 ROSEHALL DR",ROSEVILLE,95678,CA,5,3,0,Residential,2008-05-16,347225,38.7922,-121.286
811,"4821 HUTSON WAY","ELK GROVE",95757,CA,5,3,2877,Residential,2008-05-16,349000,38.3862,-121.448
812,"4509 WINJE DR",ANTELOPE,95843,CA,3,2,2960,Residential,2008-05-16,350000,38.7095,-121.359
813,"1965 LAURELHURST LN",LINCOLN,95648,CA,2,2,0,Residential,2008-05-16,350000,38.8539,-121.272
814,"6709 ROSE BRIDGE DR",ROSEVILLE,95678,CA,3,2,2172,Residential,2008-05-16,350000,38.7925,-121.276
815,"281 SPYGLASS HL",ROSEVILLE,95678,CA,3,2,2100,Condo,2008-05-16,350000,38.7622,-121.283
816,"7709 RIVER VILLAGE DR",SACRAMENTO,95831,CA,3,2,1795,Residential,2008-05-16,351000,38.4832,-121.54
817,"4165 BRISBANE CIR","EL DORADO HILLS",95762,CA,3,2,0,Residential,2008-05-16,356200,38.6861,-121.073
818,"506 BEDFORD CT",ROSEVILLE,95661,CA,4,2,2295,Residential,2008-05-16,360000,38.734,-121.237
819,"9048 PINTO CANYON WAY",ROSEVILLE,95747,CA,4,3,2577,Residential,2008-05-16,367463,38.7925,-121.332
820,"2274 IVY BRIDGE DR",ROSEVILLE,95747,CA,0,0,0,Residential,2008-05-16,375000,38.7786,-121.362
821,"14004 WALNUT AVE","WALNUT GROVE",95690,CA,3,1,1727,Residential,2008-05-16,380000,38.2477,-121.515
822,"6905 FRANKFORT CT","ELK GROVE",95758,CA,3,2,1485,Residential,2008-05-16,380578,38.4291,-121.423
823,"3621 WINTUN DR",CARMICHAEL,95608,CA,3,2,1655,Residential,2008-05-16,386222,38.6299,-121.323
824,"201 KIRKLAND CT",LINCOLN,95648,CA,0,0,0,Residential,2008-05-16,389000,38.8671,-121.319
825,"12075 APPLESBURY CT","RANCHO CORDOVA",95742,CA,0,0,0,Residential,2008-05-16,390000,38.5357,-121.225
826,"1975 SIDESADDLE WAY",ROSEVILLE,95661,CA,3,2,2049,Residential,2008-05-16,395500,38.7379,-121.249
827,"5420 ALMOND FALLS WAY","RANCHO CORDOVA",95742,CA,0,0,0,Residential,2008-05-16,396000,38.5274,-121.234
828,"9677 PILLITERI CT","ELK GROVE",95757,CA,5,3,2875,Residential,2008-05-16,397000,38.4056,-121.445
829,"1515 EL CAMINO VERDE DR",LINCOLN,95648,CA,0,0,0,Residential,2008-05-16,400000,38.9049,-121.321
830,"556 PLATT CIR","EL DORADO HILLS",95762,CA,4,2,2199,Residential,2008-05-16,400000,38.6563,-121.08
831,"1792 DIAMOND WOODS CIR",ROSEVILLE,95747,CA,4,3,0,Residential,2008-05-16,412500,38.8086,-121.328
832,"1124 PERKINS WAY",SACRAMENTO,95818,CA,2,1,1304,Residential,2008-05-16,413500,38.5516,-121.504
833,"4748 SALEM WAY",CARMICHAEL,95608,CA,3,2,2334,Residential,2008-05-16,415000,38.6341,-121.353
834,"1484 RADCLIFFE WAY",AUBURN,95603,CA,4,3,2278,Residential,2008-05-16,420454,38.9356,-121.079
835,"51 AIKEN WAY",SACRAMENTO,95819,CA,3,1,1493,Residential,2008-05-16,425000,38.5793,-121.443
836,"2818 KNOLLWOOD DR","CAMERON PARK",95682,CA,3,2,0,Residential,2008-05-16,425000,38.6698,-120.999
837,"1536 STONEY CROSS LN",LINCOLN,95648,CA,0,0,0,Residential,2008-05-16,433500,38.86,-121.311
838,"509 CASTILLIAN CT",ROSEVILLE,95747,CA,5,3,0,Residential,2008-05-16,438000,38.8048,-121.341
839,"700 HUNTER PL",FOLSOM,95630,CA,5,3,2787,Residential,2008-05-16,441000,38.6605,-121.164
840,"1240 FAY CIR",SACRAMENTO,95831,CA,5,3,2824,Residential,2008-05-16,445000,38.5064,-121.514
841,"1113 SANDWICK WAY",FOLSOM,95630,CA,4,3,3261,Residential,2008-05-16,446000,38.6739,-121.105
842,"3108 DELWOOD WAY",SACRAMENTO,95821,CA,4,2,2053,Residential,2008-05-16,450000,38.6216,-121.371
843,"3212 CORNICHE LN",ROSEVILLE,95661,CA,4,3,2379,Residential,2008-05-16,455000,38.7506,-121.233
844,"2159 BECKETT DR","EL DORADO HILLS",95762,CA,3,2,0,Residential,2008-05-16,460000,38.6801,-121.036
845,"4320 FOUR SEASONS RD",PLACERVILLE,95667,CA,3,2,0,Residential,2008-05-16,475000,38.6909,-120.694
846,"6401 MARSHALL RD","GARDEN VALLEY",95633,CA,3,2,0,Residential,2008-05-16,490000,38.8425,-120.875
847,"2089 BECKETT DR","EL DORADO HILLS",95762,CA,4,2,0,Residential,2008-05-16,493000,38.6818,-121.036
848,"6196 EDGEHILL DR","EL DORADO HILLS",95762,CA,5,4,0,Residential,2008-05-16,508000,38.6761,-121.039
849,"200 HILLSFORD CT",ROSEVILLE,95747,CA,0,0,0,Residential,2008-05-16,511000,38.7801,-121.379
850,"8217 PLUMERIA AVE","FAIR OAKS",95628,CA,3,2,3173,Residential,2008-05-16,525000,38.6507,-121.259
851,"4841 VILLAGE GREEN DR","EL DORADO HILLS",95762,CA,4,3,0,Residential,2008-05-16,533000,38.6641,-121.057
852,"3863 LAS PASAS WAY",SACRAMENTO,95864,CA,3,1,1348,Residential,2008-05-16,545000,38.5889,-121.374
853,"820 DANA CT",AUBURN,95603,CA,4,3,0,Residential,2008-05-16,560000,38.8652,-121.095
854,"1165 37TH ST",SACRAMENTO,95816,CA,2,1,1252,Residential,2008-05-16,575000,38.5684,-121.458
855,"203 CASCADE FALLS DR",FOLSOM,95630,CA,4,3,3229,Residential,2008-05-16,575000,38.704,-121.187
856,"9880 IZILDA CT",SACRAMENTO,95829,CA,5,4,3863,Residential,2008-05-16,598695,38.4533,-121.326
857,"1800 AVONDALE DR",ROSEVILLE,95747,CA,5,3,0,Residential,2008-05-16,600000,38.7984,-121.344
858,"4620 BROMWICH CT",ROCKLIN,95677,CA,4,3,0,Residential,2008-05-16,600000,38.7727,-121.22
859,"620 KESWICK CT","GRANITE BAY",95746,CA,4,3,2356,Residential,2008-05-16,600000,38.7321,-121.219
860,"4478 GREENBRAE RD",ROCKLIN,95677,CA,0,0,0,Residential,2008-05-16,600000,38.7811,-121.223
861,"8432 BRIGGS DR",ROSEVILLE,95747,CA,5,3,3579,Residential,2008-05-16,610000,38.7886,-121.339
862,"200 CRADLE MOUNTAIN CT","EL DORADO HILLS",95762,CA,0,0,0,Residential,2008-05-16,622500,38.6478,-121.031
863,"2065 IMPRESSIONIST WAY","EL DORADO HILLS",95762,CA,0,0,0,Residential,2008-05-16,680000,38.683,-121.033
864,"2982 ABERDEEN LN","EL DORADO HILLS",95762,CA,4,3,0,Residential,2008-05-16,879000,38.7067,-121.059
865,"9401 BARREL RACER CT",WILTON,95693,CA,4,3,4400,Residential,2008-05-16,884790,38.4153,-121.195
866,"3720 VISTA DE MADERA",LINCOLN,95648,CA,3,3,0,Residential,2008-05-16,1551,38.8516,-121.232
867,"14151 INDIO DR",SLOUGHHOUSE,95683,CA,3,4,5822,Residential,2008-05-16,2000,38.4904,-121.129
868,"7401 TOULON LN",SACRAMENTO,95828,CA,4,2,1512,Residential,2008-05-15,56950,38.4886,-121.388
869,"9127 NEWHALL DR Unit 34",SACRAMENTO,95826,CA,1,1,611,Condo,2008-05-15,60000,38.5424,-121.36
870,"5937 BAMFORD DR",SACRAMENTO,95823,CA,2,1,876,Residential,2008-05-15,61000,38.4711,-121.432
871,"5672 HILLSDALE BLVD",SACRAMENTO,95842,CA,2,1,933,Condo,2008-05-15,62000,38.6705,-121.36
872,"3920 39TH ST",SACRAMENTO,95820,CA,2,1,864,Residential,2008-05-15,68566,38.5392,-121.464
873,"701 JESSIE AVE",SACRAMENTO,95838,CA,2,1,1011,Residential,2008-05-15,70000,38.644,-121.45
874,"83 ARCADE BLVD",SACRAMENTO,95815,CA,4,2,1158,Residential,2008-05-15,80000,38.6187,-121.466
875,"601 REGGINALD WAY",SACRAMENTO,95838,CA,3,2,1092,Residential,2008-05-15,85500,38.6447,-121.452
876,"550 DEL VERDE CIR",SACRAMENTO,95833,CA,2,1,956,Condo,2008-05-15,92000,38.6271,-121.501
877,"4113 DAYSTAR CT",SACRAMENTO,95824,CA,2,2,1139,Residential,2008-05-15,93600,38.5205,-121.459
878,"7374 TISDALE WAY",SACRAMENTO,95822,CA,3,1,1058,Residential,2008-05-15,95000,38.4882,-121.473
879,"3348 RIO LINDA BLVD",SACRAMENTO,95838,CA,3,2,1040,Residential,2008-05-15,97750,38.6288,-121.446
880,"3935 LIMESTONE WAY",SACRAMENTO,95823,CA,3,2,1354,Residential,2008-05-15,104000,38.4844,-121.463
881,"6208 GRATTAN WAY","NORTH HIGHLANDS",95660,CA,3,1,1051,Residential,2008-05-15,105000,38.6793,-121.377
882,"739 E WOODSIDE LN Unit E",SACRAMENTO,95825,CA,1,1,682,Condo,2008-05-15,107666,38.5787,-121.41
883,"4225 46TH AVE",SACRAMENTO,95824,CA,3,1,1161,Residential,2008-05-15,109000,38.5119,-121.458
884,"1434 BELL AVE",SACRAMENTO,95838,CA,3,1,1004,Residential,2008-05-15,110000,38.6474,-121.433
885,"5628 GEORGIA DR","NORTH HIGHLANDS",95660,CA,3,1,1229,Residential,2008-05-15,110000,38.6696,-121.38
886,"7629 BETH ST",SACRAMENTO,95832,CA,3,2,1249,Residential,2008-05-15,112500,38.4801,-121.488
887,"2277 BABETTE WAY",SACRAMENTO,95832,CA,3,2,1161,Residential,2008-05-15,114800,38.4796,-121.484
888,"6561 WEATHERFORD WAY",SACRAMENTO,95823,CA,3,1,1010,Residential,2008-05-15,116000,38.4655,-121.427
889,"3035 ESTEPA DR Unit 5C","CAMERON PARK",95682,CA,0,0,0,Condo,2008-05-15,119000,38.6814,-120.997
890,"5136 CABOT CIR",SACRAMENTO,95820,CA,4,2,1462,Residential,2008-05-15,121500,38.5285,-121.412
891,"7730 ROBINETTE RD",SACRAMENTO,95828,CA,3,2,1269,Residential,2008-05-15,122000,38.4771,-121.411
892,"87 LACAM CIR",SACRAMENTO,95820,CA,2,2,1188,Residential,2008-05-15,123675,38.5324,-121.412
893,"1691 NOGALES ST",SACRAMENTO,95838,CA,4,2,1570,Residential,2008-05-15,126854,38.6319,-121.428
894,"3118 42ND ST",SACRAMENTO,95817,CA,3,2,1093,Residential,2008-05-15,127059,38.5461,-121.458
895,"7517 50TH AVE",SACRAMENTO,95828,CA,3,1,962,Residential,2008-05-15,128687,38.5073,-121.416
896,"4071 EVALITA WAY",SACRAMENTO,95823,CA,3,2,1089,Residential,2008-05-15,129500,38.4664,-121.459
897,"7928 36TH AVE",SACRAMENTO,95824,CA,3,2,1127,Residential,2008-05-15,130000,38.5205,-121.411
898,"6631 DEMARET DR",SACRAMENTO,95822,CA,4,2,1309,Residential,2008-05-15,131750,38.5064,-121.484
899,"7043 9TH AVE","RIO LINDA",95673,CA,2,1,970,Residential,2008-05-15,132000,38.6956,-121.444
900,"97 KENNELFORD CIR",SACRAMENTO,95823,CA,3,2,1144,Residential,2008-05-15,134000,38.4624,-121.427
901,"2636 TRONERO WAY","RANCHO CORDOVA",95670,CA,3,1,1000,Residential,2008-05-15,134000,38.593,-121.303
902,"1530 TOPANGA LN Unit 204",LINCOLN,95648,CA,0,0,0,Condo,2008-05-15,138000,38.8842,-121.27
903,"3604 KODIAK WAY",ANTELOPE,95843,CA,3,2,1206,Residential,2008-05-15,142000,38.7062,-121.38
904,"2149 COTTAGE WAY",SACRAMENTO,95825,CA,3,1,1285,Residential,2008-05-15,143012,38.6036,-121.417
905,"8632 PRAIRIEWOODS DR",SACRAMENTO,95828,CA,3,2,1543,Residential,2008-05-15,145846,38.4776,-121.384
906,"612 STONE BLVD","WEST SACRAMENTO",95691,CA,2,1,884,Residential,2008-05-15,147000,38.5631,-121.536
907,"4180 12TH AVE",SACRAMENTO,95817,CA,3,1,1019,Residential,2008-05-15,148750,38.5412,-121.458
908,"8025 ARROYO VISTA DR",SACRAMENTO,95823,CA,4,2,1392,Residential,2008-05-15,150000,38.4665,-121.419
909,"5754 WALERGA RD Unit 4",SACRAMENTO,95842,CA,2,1,924,Condo,2008-05-15,150454,38.6726,-121.357
910,"8 LA ROCAS CT",SACRAMENTO,95823,CA,3,2,1217,Residential,2008-05-15,151087,38.4662,-121.448
911,"8636 LONGSPUR WAY",ANTELOPE,95843,CA,3,2,1670,Residential,2008-05-15,157296,38.7259,-121.359
912,"1941 EXPEDITION WAY",SACRAMENTO,95832,CA,3,2,1302,Residential,2008-05-15,157500,38.4738,-121.494
913,"4351 TURNBRIDGE DR",SACRAMENTO,95823,CA,3,2,1488,Residential,2008-05-15,160000,38.502,-121.456
914,"6513 HOLIDAY WAY","NORTH HIGHLANDS",95660,CA,3,2,1373,Residential,2008-05-15,160000,38.6854,-121.377
915,"8321 MISTLETOE WAY","CITRUS HEIGHTS",95621,CA,4,2,1381,Residential,2008-05-15,161250,38.7177,-121.308
916,"5920 VALLEY GLEN WAY",SACRAMENTO,95823,CA,3,2,1265,Residential,2008-05-15,164000,38.4628,-121.433
917,"2601 SAN FERNANDO WAY",SACRAMENTO,95818,CA,2,1,881,Residential,2008-05-15,165000,38.5562,-121.476
918,"501 POPLAR AVE","WEST SACRAMENTO",95691,CA,0,0,0,Residential,2008-05-15,165000,38.5845,-121.535
919,"8008 SAINT HELENA CT",SACRAMENTO,95829,CA,4,2,1608,Residential,2008-05-15,165750,38.467,-121.36
920,"6517 DONEGAL DR","CITRUS HEIGHTS",95621,CA,3,1,1344,Residential,2008-05-15,166000,38.6816,-121.313
921,"1001 RIO NORTE WAY",SACRAMENTO,95834,CA,3,2,1202,Residential,2008-05-15,169000,38.6343,-121.485
922,"604 P ST",LINCOLN,95648,CA,3,2,1104,Residential,2008-05-15,170000,38.8932,-121.305
923,"10001 WOODCREEK OAKS BLVD Unit 815",ROSEVILLE,95747,CA,2,2,0,Condo,2008-05-15,170000,38.7955,-121.329
924,"7351 GIGI PL",SACRAMENTO,95828,CA,4,2,1859,Multi-Family,2008-05-15,170000,38.4906,-121.41
925,"7740 DIXIE LOU ST",SACRAMENTO,95832,CA,3,2,1232,Residential,2008-05-15,170000,38.4759,-121.477
926,"7342 DAVE ST",SACRAMENTO,95828,CA,3,1,1638,Residential,2008-05-15,170725,38.4908,-121.402
927,"7687 HOWERTON DR",SACRAMENTO,95831,CA,2,2,1177,Residential,2008-05-15,171750,38.4809,-121.54
928,"26 KAMSON CT",SACRAMENTO,95833,CA,3,2,1582,Residential,2008-05-15,172000,38.6228,-121.499
929,"7045 PEEVEY CT",SACRAMENTO,95823,CA,2,2,904,Residential,2008-05-15,173056,38.5023,-121.451
930,"8916 GABLES MILL PL","ELK GROVE",95758,CA,3,2,1340,Residential,2008-05-15,174000,38.4339,-121.422
931,"1140 EDMONTON DR",SACRAMENTO,95833,CA,3,2,1204,Residential,2008-05-15,174250,38.6246,-121.487
932,"8879 APPLE PEAR CT","ELK GROVE",95624,CA,4,2,1477,Residential,2008-05-15,176850,38.4457,-121.372
933,"9 WIND CT",SACRAMENTO,95823,CA,4,2,1497,Residential,2008-05-15,179500,38.4507,-121.428
934,"8570 SHERATON DR","FAIR OAKS",95628,CA,3,1,960,Residential,2008-05-15,185000,38.6673,-121.241
935,"1550 TOPANGA LN Unit 207",LINCOLN,95648,CA,0,0,0,Condo,2008-05-15,188000,38.8842,-121.27
936,"1080 RIO NORTE WAY",SACRAMENTO,95834,CA,3,2,1428,Residential,2008-05-15,188700,38.6343,-121.486
937,"5501 VALLETTA WAY",SACRAMENTO,95820,CA,3,1,1039,Residential,2008-05-15,189000,38.5301,-121.437
938,"5624 MEMORY LN","FAIR OAKS",95628,CA,3,1,1529,Residential,2008-05-15,189000,38.6674,-121.236
939,"6622 WILLOWLEAF DR","CITRUS HEIGHTS",95621,CA,4,3,1892,Residential,2008-05-15,189836,38.6997,-121.312
940,"27 MEGAN CT",SACRAMENTO,95838,CA,4,2,1887,Residential,2008-05-15,190000,38.6493,-121.465
941,"6601 WOODMORE OAKS DR",ORANGEVALE,95662,CA,3,2,1294,Residential,2008-05-15,191250,38.687,-121.254
942,"1973 DANVERS WAY",SACRAMENTO,95832,CA,3,2,1638,Residential,2008-05-15,191675,38.4776,-121.493
943,"8001 ARROYO VISTA DR",SACRAMENTO,95823,CA,3,2,1677,Residential,2008-05-15,195500,38.4673,-121.42
944,"7409 VOYAGER WAY","CITRUS HEIGHTS",95621,CA,3,1,1073,Residential,2008-05-15,198000,38.7007,-121.313
945,"815 CROSSWIND DR",SACRAMENTO,95838,CA,3,2,1231,Residential,2008-05-15,200000,38.6514,-121.45
946,"5509 LAGUNA CREST WAY","ELK GROVE",95758,CA,3,2,1175,Residential,2008-05-15,200000,38.4244,-121.44
947,"8424 MERRY HILL WAY","ELK GROVE",95624,CA,3,2,1416,Residential,2008-05-15,200000,38.4521,-121.366
948,"1525 PENNSYLVANIA AVE","WEST SACRAMENTO",95691,CA,0,0,0,Residential,2008-05-15,200100,38.5699,-121.528
949,"5954 BRIDGECROSS DR",SACRAMENTO,95835,CA,3,2,1358,Residential,2008-05-15,201528,38.682,-121.5
950,"8789 SEQUOIA WOOD CT","ELK GROVE",95624,CA,4,2,1609,Residential,2008-05-15,204750,38.4388,-121.374
951,"6600 SILVERTHORNE CIR",SACRAMENTO,95842,CA,4,3,1968,Residential,2008-05-15,205000,38.6861,-121.342
952,"2221 2ND AVE",SACRAMENTO,95818,CA,2,2,1089,Residential,2008-05-15,205000,38.5558,-121.485
953,"3230 SMATHERS WAY",CARMICHAEL,95608,CA,3,2,1296,Residential,2008-05-15,205900,38.6234,-121.348
954,"5209 LAGUNA CREST WAY","ELK GROVE",95758,CA,2,2,1189,Residential,2008-05-15,207000,38.4244,-121.444
955,"416 LEITCH AVE",SACRAMENTO,95815,CA,2,1,795,Residential,2008-05-15,207973,38.6127,-121.457
956,"2100 BEATTY WAY",ROSEVILLE,95747,CA,3,2,1371,Residential,2008-05-15,208250,38.7379,-121.308
957,"6920 GILLINGHAM WAY","NORTH HIGHLANDS",95660,CA,3,1,1310,Residential,2008-05-15,208318,38.6943,-121.373
958,"82 WILDFLOWER DR",GALT,95632,CA,3,2,1262,Residential,2008-05-15,209347,38.2597,-121.312
959,"8652 BANTON CIR","ELK GROVE",95624,CA,4,2,1740,Residential,2008-05-15,211500,38.444,-121.371
960,"8428 MISTY PASS WAY",ANTELOPE,95843,CA,3,2,1517,Residential,2008-05-15,212000,38.723,-121.347
961,"7958 ROSEVIEW WAY",SACRAMENTO,95828,CA,3,2,1450,Residential,2008-05-15,213000,38.4678,-121.41
962,"9020 LUKEN CT","ELK GROVE",95624,CA,3,2,1416,Residential,2008-05-15,216000,38.4514,-121.367
963,"7809 VALLECITOS WAY",SACRAMENTO,95828,CA,3,1,888,Residential,2008-05-15,216021,38.5082,-121.411
964,"8445 OLD AUBURN RD","CITRUS HEIGHTS",95610,CA,3,2,1882,Residential,2008-05-15,219000,38.7154,-121.247
965,"10085 ATKINS DR","ELK GROVE",95757,CA,3,2,1302,Residential,2008-05-15,219794,38.3909,-121.438
966,"9185 CERROLINDA CIR","ELK GROVE",95758,CA,3,2,1418,Residential,2008-05-15,220000,38.4245,-121.427
967,"9197 CORTINA CIR",ROSEVILLE,95678,CA,3,2,0,Condo,2008-05-15,220000,38.7932,-121.29
968,"5429 HESPER WAY",CARMICHAEL,95608,CA,4,2,1319,Residential,2008-05-15,220000,38.6651,-121.316
969,"1178 WARMWOOD CT",GALT,95632,CA,4,2,1770,Residential,2008-05-15,220000,38.2895,-121.285
970,"4900 ELUDE CT",SACRAMENTO,95842,CA,4,2,1627,Residential,2008-05-15,223000,38.6967,-121.351
971,"3557 SODA WAY",SACRAMENTO,95834,CA,0,0,0,Residential,2008-05-15,224000,38.631,-121.502
972,"3528 SAINT GEORGE DR",SACRAMENTO,95821,CA,3,1,1040,Residential,2008-05-15,224000,38.6295,-121.376
973,"7381 WASHBURN WAY","NORTH HIGHLANDS",95660,CA,3,1,960,Residential,2008-05-15,224252,38.7035,-121.375
974,"2181 WINTERHAVEN CIR","CAMERON PARK",95682,CA,3,2,0,Residential,2008-05-15,224500,38.6976,-120.996
975,"7540 HICKORY AVE",ORANGEVALE,95662,CA,3,1,1456,Residential,2008-05-15,225000,38.7031,-121.235
976,"5024 CHAMBERLIN CIR","ELK GROVE",95757,CA,3,2,1450,Residential,2008-05-15,228000,38.3898,-121.446
977,"2400 INVERNESS DR",LINCOLN,95648,CA,3,2,1358,Residential,2008-05-15,229027,38.8978,-121.325
978,"5 BISHOPGATE CT",SACRAMENTO,95823,CA,4,2,1329,Residential,2008-05-15,229500,38.4679,-121.445
979,"5601 REXLEIGH DR",SACRAMENTO,95823,CA,4,2,1715,Residential,2008-05-15,230000,38.4453,-121.442
980,"1909 YARNELL WAY","ELK GROVE",95758,CA,3,2,1262,Residential,2008-05-15,230000,38.4174,-121.484
981,"9169 GARLINGTON CT",SACRAMENTO,95829,CA,4,3,2280,Residential,2008-05-15,232425,38.4577,-121.36
982,"6932 RUSKUT WAY",SACRAMENTO,95823,CA,3,2,1477,Residential,2008-05-15,234000,38.4999,-121.459
983,"7933 DAFFODIL WAY","CITRUS HEIGHTS",95610,CA,3,2,1216,Residential,2008-05-15,235000,38.7088,-121.257
984,"8304 RED FOX WAY","ELK GROVE",95758,CA,4,2,1685,Residential,2008-05-15,235301,38.417,-121.397
985,"3882 YELLOWSTONE LN","EL DORADO HILLS",95762,CA,3,2,1362,Residential,2008-05-15,235738,38.6552,-121.076
